medcodeid,allcancer_term
406052010,"Malignant neoplasm of lip, oral cavity and pharynx"
380095017,"Carcinoma of lip, oral cavity and pharynx"
724891000006113,Malignant neoplasm of lip
403771011,Carcinoma of lip
1228504019,"Malignant neoplasm of upper lip, vermilion border"
720801000006112,Malignant tumour of vermilion border of lip
288350019,"Malignant neoplasm of upper lip, lipstick area"
288351015,Malignant tumour of vermilion border of upper lip
724421000006114,"Malignant neoplasm of lower lip, vermilion border"
288354011,"Malignant neoplasm of lower lip, external"
1228506017,"Malignant neoplasm of lower lip, lipstick area"
288355012,Malignant tumour of vermilion border of lower lip
288363013,"Malignant neoplasm of upper lip, inner aspect"
288372017,"Malignant neoplasm of upper lip, frenulum"
288364019,"Malignant neoplasm of upper lip, mucosa"
288362015,"Malignant neoplasm of upper lip, oral aspect"
288377011,"Malignant neoplasm of upper lip, inner aspect NOS"
406399011,"Malignant neoplasm of lower lip, inner aspect"
288380012,"Malignant neoplasm of lower lip, buccal aspect"
288382016,"Malignant neoplasm of lower lip, frenulum"
724401000006116,Malignant tumour of lower labial mucosa
724411000006118,"Malig neoplasm of lower lip, oral aspect"
288387010,"Malignant neoplasm of lower lip, inner aspect NOS"
288388017,Malignant tumour of labial mucosa
724901000006112,"Malignant neoplasm of lip unspecified, buccal aspect"
288391017,"Malignant neoplasm of lip unspecified, mucosa"
288393019,"Malignant neoplasm of lip, oral aspect"
726351000006116,Malignant neoplasm of commissure of lip
288404018,Malignant neoplasm of overlapping lesion of lip
453301018,Malignant tumour of lip
288408015,"Malignant neoplasm of lip, unspecified, external"
288409011,Malignant tumour of lipstick area of lip
288410018,"Malignant neoplasm of lip, vermilion border NOS"
721311000006114,Malignant tumour of tongue
727381000006110,Malignant tumour of base of tongue
1228509012,Malignant neoplasm of posterior third of tongue
288411019,Malignant neoplasm of base of tongue dorsal surface
288412014,Malignant neoplasm of fixed part of tongue NOS
155211011,Malignant neoplasm of dorsal surface of tongue
288418013,Malignant neoplasm of dorsum of tongue NOS
288419017,"Malignant neoplasm of tongue, tip and lateral border"
155669014,Malignant neoplasm of ventral surface of tongue
288423013,Malignant neoplasm of anterior 2/3 of tongue ventral surface
288427014,Malignant neoplasm of frenulum linguae
288429012,Malignant neoplasm of ventral surface of tongue
288430019,Malignant neoplasm of anterior 2/3 of tongue unspecified
288433017,"Malignant neoplasm of tongue, junctional zone"
724881000006110,Malignant neoplasm of lingual tonsil
1219531013,Malignant overlapping lesion of tongue
288434011,Malignant neoplasm of other sites of tongue
288435012,Malignant neoplasm of tongue NOS
1228510019,Malignant neoplasm of major salivary glands
723501000006117,Malignant tumour of parotid gland
1228513017,Malignant neoplasm of submandibular gland
721881000006113,Malignant neoplasm of sublingual gland
288437016,Malignant neoplasm of other major salivary glands
288438014,Malignant tumour of major salivary gland
725861000006118,Malignant neoplasm of gum
720761000006115,Malignant neoplasm of upper gum
724311000006111,Malignant neoplasm of lower gum
288439018,Malignant neoplasm of other sites of gum
288440016,Malignant neoplasm of gum NOS
725611000006117,Malignant neoplasm of floor of mouth
288443019,Malignant neoplasm of anterior portion of floor of mouth
288444013,Malignant neoplasm of lateral portion of floor of mouth
1219533011,"Malignant neoplasm, overlapping lesion of floor of mouth"
288448011,Malignant neoplasm of other sites of floor of mouth
288449015,Malignant tumour of floor of mouth
288450015,Malignant neoplasm of other and unspecified parts of mouth
727151000006117,Malignant neoplasm of cheek mucosa
727561000006112,Malignant neoplasm of buccal mucosa
288453018,Malignant neoplasm of vestibule of mouth
288454012,Malignant neoplasm of upper buccal sulcus
288459019,Malignant neoplasm of lower buccal sulcus
725101000006111,Malignant neoplasm of hard palate
721621000006110,Malignant neoplasm of soft palate
721041000006111,Malignant neoplasm of uvula
288469013,Malignant tumour of palate
288470014,Malignant neoplasm of junction of hard and soft palate
1228523014,Malignant neoplasm of roof of mouth
288471013,Malignant neoplasm of palate NOS
722541000006111,Malignant neoplasm of retromolar area
288472018,Overlapping malignant neoplasm of mouth
288473011,Malignant neoplasm of other specified mouth parts
288474017,Malignant neoplasm of mouth NOS
173946014,Kaposi's sarcoma of palate
723571000006111,Malignant tumour of oropharynx
721351000006110,Malignant tumour of tonsil
1228530015,Malignant neoplasm of faucial tonsil
1228529013,Malignant neoplasm of palatine tonsil
723321000006117,Overlapping malignant neoplasm of tonsil
288478019,Malignant neoplasm tonsil NOS
721361000006112,Malignant neoplasm of tonsillar fossa
288486019,Malignant neoplasm of tonsillar pillar
288485015,Malignant neoplasm of faucial pillar
725811000006116,Malignant tumour of anterior pillar of fauces
2475984012,Malignant neoplasm of palatoglossal arch
723391000006115,Malignant neoplasm of palatopharyngeal arch
288505015,Malignant tumour of tonsillar fossa
721481000006111,Malignant neoplasm of vallecula
288506019,Malignant neoplasm of anterior epiglottis
288507011,"Malignant neoplasm of epiglottis, free border"
288508018,Malignant neoplasm of glossoepiglottic fold
288509014,Malignant neoplasm of anterior epiglottis NOS
288510016,Malignant neoplasm of junctional region of epiglottis
155332018,Malignant neoplasm of lateral wall of oropharynx
288515014,Malignant neoplasm of posterior wall of oropharynx
288516010,"Malignant neoplasm of oropharynx, other specified sites"
288517018,Malignant neoplasm of other specified site of oropharynx NOS
288518011,Malignant neoplasm of oropharynx NOS
288522018,Malignant neoplasm of nasopharynx
1228532011,Malignant neoplasm of roof of nasopharynx
288529010,Malignant neoplasm of posterior wall of nasopharynx
288533015,Malignant neoplasm of adenoid
288532013,Malignant neoplasm of pharyngeal tonsil
288541015,Malignant tumour of posterior wall of nasopharynx
724841000006116,Malignant neoplasm of lateral wall of nasopharynx
288546013,Malignant neoplasm of pharyngeal recess
288550018,Malignant tumour of lateral wall of nasopharynx
288552014,Malignant neoplasm of anterior wall of nasopharynx
720491000006119,Malignant tumour of posterior margin of nasal septum and choanae
288561014,Malignant tumour of anterior wall of nasopharynx
1219467016,"Malignant neoplasm, overlapping lesion of nasopharynx"
288563012,Malignant neoplasm of other specified site of nasopharynx
288564018,Malignant tumour of nasopharynx
725241000006116,Malignant neoplasm of hypopharynx
723031000006117,Malignant neoplasm of postcricoid region
722421000006115,Malignant neoplasm of pyriform sinus
727761000006116,"Malignant neoplasm of aryepiglottic fold, hypopharyngeal aspect"
288568015,Malignant neoplasm of posterior pharynx
288570012,Malignant neoplasm of other specified hypopharyngeal site
288571011,Malignant tumour of hypopharynx
729591000006114,"Malig neop other/ill-defined sites lip, oral cavity, pharynx"
288573014,Malignant neoplasm of pharynx unspecified
288578017,Malignant neoplasm of Waldeyer's ring
724781000006117,Malignant neoplasm of laryngopharynx
723801000006115,"Malignant neoplasm of other sites lip, oral cavity, pharynx"
288582015,"Malignant neoplasm of lip, oral cavity and pharynx NOS"
403673017,Malignant neoplasm of digestive organs and peritoneum
537051000006118,Carcinoma of digestive organs and peritoneum
1216488012,Malignant neoplasm of oesophagus
288589012,Malignant neoplasm of cervical oesophagus
288594012,Malignant neoplasm of thoracic oesophagus
288597017,Malignant neoplasm of abdominal oesophagus
288602012,Malignant neoplasm of upper third of oesophagus
288607018,Malignant neoplasm of middle third of oesophagus
288608011,Malignant neoplasm of lower third of oesophagus
1215862010,"Malignant neoplasm, overlapping lesion of oesophagus"
638841000000113,Siewert type I adenocarcinoma
288614016,Malignant neoplasm of other specified part of oesophagus
403674011,Malignant neoplasm of oesophagus NOS
1216486011,Oesophageal cancer
721851000006117,Malignant tumour of stomach
799181000006112,Tumour of stomach
288625013,Malignant neoplasm of cardia of stomach
288628010,Malignant neoplasm of cardiac orifice of stomach
288632016,Malignant neoplasm of cardio-oesophageal junction of stomach
288631011,Malignant neoplasm of gastro-oesophageal junction
288633014,Malignant neoplasm of cardia of stomach NOS
288635019,Malignant neoplasm of pylorus of stomach
722341000006119,Malignant neoplasm of prepylorus of stomach
288638017,Malignant neoplasm of pyloric canal of stomach
288639013,Malignant neoplasm of pylorus of stomach NOS
288641014,Malignant neoplasm of pyloric antrum of stomach
288644018,Malignant neoplasm of fundus of stomach
288647013,Malignant neoplasm of body of stomach
288649011,Malignant tumour of lesser curve of stomach
288650011,Malignant neoplasm of greater curve of stomach unspecified
1219534017,"Malignant neoplasm, overlapping lesion of stomach"
638721000000113,Siewert type II adenocarcinoma
638821000000118,Siewert type III adenocarcinoma
288652015,Malignant neoplasm of other specified site of stomach
288653013,Malignant neoplasm of anterior wall of stomach
288654019,Malignant neoplasm of posterior wall of stomach
288655018,Malignant neoplasm of other specified site of stomach NOS
288656017,Malignant tumour of stomach
721601000006117,Malignant tumour of small intestine
726021000006110,Malignant tumour of duodenum
725451000006118,Malignant neoplasm of jejunum
725271000006112,Malignant tumour of ileum
288659012,Malignant neoplasm of Meckel's diverticulum
1219535016,"Malignant neoplasm, overlapping lesion of small intestine"
723221000006112,Malignant neoplasm of other specified site small intestine
288663017,Malignant neoplasm of small intestine NOS
726331000006111,Malignant neoplasm of colon
725191000006116,Malignant tumour of hepatic flexure
721421000006112,Malignant tumour of transverse colon
725951000006112,Malignant tumour of descending colon
721991000006115,Malignant tumour of sigmoid colon
1216464010,Malignant neoplasm of caecum
380129018,Carcinoma of caecum
727281000006117,Malignant neoplasm of appendix
727321000006111,Malignant tumour of ascending colon
721821000006114,Malignant neoplasm of splenic flexure of colon
288670017,"Malignant neoplasm, overlapping lesion of colon"
459527013,Hereditary nonpolyposis colon cancer
288671018,Malignant neoplasm of other specified sites of colon
403682011,Malignant tumour of colon
573611000006118,Colonic cancer
288675010,"Malignant neoplasm of rectum, rectosigmoid junction and anus"
722441000006110,Malignant tumour of rectosigmoid junction
155488014,Malignant tumour of rectum
379088010,Carcinoma of rectum
379089019,Rectal carcinoma
155076015,Malignant tumour of anal canal
380137014,Anal carcinoma
174518012,Malignant neoplasm of cloacogenic zone
288685011,Malignant tumour of anus
729581000006111,"Malig neop other site rectum, rectosigmoid junction and anus"
720501000006110,"Malignant neoplasm rectum,rectosigmoid junction and anus NOS"
288688013,Malignant neoplasm of liver and intrahepatic bile ducts
157732017,Primary malignant neoplasm of liver
288690014,Primary carcinoma of liver
342834014,Hepatoblastoma of liver
342851019,Primary angiosarcoma of liver
342807011,Hepatocellular carcinoma
288692018,Primary malignant neoplasm of liver NOS
155305011,Malignant neoplasm of intrahepatic bile ducts
288694017,Malignant neoplasm of interlobular bile ducts
2619456011,Malignant neoplasm of intrahepatic biliary passages
288698019,Malignant neoplasm of intrahepatic gall duct
288699010,Malignant neoplasm of intrahepatic bile ducts NOS
288700011,Malignant neoplasm of liver
151331000006114,Secondary malignant neoplasm of liver
288702015,Malignant neoplasm of liver and intrahepatic bile ducts NOS
727781000006114,Malignant neoplasm gallbladder and extrahepatic bile ducts
725711000006113,Malignant tumour of gallbladder
535221000006113,Carcinoma of gallbladder
726201000006111,Malignant tumour of extrahepatic bile duct
155207017,Malignant neoplasm of cystic duct
288707014,Malignant neoplasm of hepatic duct
726361000006119,Malignant neoplasm of common bile duct
380139012,Carcinoma common bile duct
288712010,Malignant neoplasm of extrahepatic bile ducts NOS
727911000006116,Malignant neoplasm of ampulla of Vater
1219537012,"Malignant neoplasm, overlapping lesion of biliary tract"
720451000006113,Malignant neoplasm other gallbladder/extrahepatic bile duct
727791000006112,Malignant neoplasm gallbladder/extrahepatic bile ducts NOS
723401000006118,Malignant tumour of pancreas
725121000006118,Malignant tumour of head of pancreas
288717016,Malignant neoplasm of body of pancreas
288720012,Malignant neoplasm of tail of pancreas
288723014,Malignant neoplasm of pancreatic duct
288727010,Malignant neoplasm of Islets of Langerhans
1219538019,"Malignant neoplasm, overlapping lesion of pancreas"
288731016,Malignant neoplasm of other specified sites of pancreas
288734012,Malignant neoplasm of ectopic pancreatic tissue
288735013,Malignant neoplasm of specified site of pancreas NOS
288736014,Malignant neoplasm of pancreas NOS
288739019,Malignant neoplasm of retroperitoneum and peritoneum
1228549016,Malignant neoplasm of retroperitoneum
288741018,Malignant neoplasm of perinephric tissue
288742013,Malignant neoplasm of retrocaecal tissue
288744014,Malignant neoplasm of retroperitoneum NOS
174532014,Mesothelioma of peritoneum
247091000006118,Overlapping malignant lesion of retroperitoneum and peritoneum
288747019,Malignant neoplasm of specified parts of peritoneum
288749016,Malignant neoplasm of mesocaecum
288751017,Malignant neoplasm of mesorectum
482641017,Malignant neoplasm of omentum
155446017,Malignant neoplasm of parietal peritoneum
155452016,Malignant neoplasm of pelvic peritoneum
288754013,Malignant neoplasm of the pouch of Douglas
482537012,Malignant neoplasm of mesentery
288756010,Malignant neoplasm of specified parts of peritoneum NOS
288757018,Malignant tumour of peritoneum and retroperitoneum
729561000006118,Malig neop oth/ill-defined sites digestive tract/peritoneum
288759015,Malignant tumour of intestine
841331000006115,Cancer of bowel
288760013,Malignant neoplasm of spleen NEC
288762017,Fibrosarcoma of spleen
288763010,Malignant tumour of spleen
288764016,"Malignant neoplasm, overlapping lesion of digestive system"
720461000006110,Malignant neoplasm other spec digestive tract and peritoneum
288766019,Malignant neoplasm of digestive tract and peritoneum NOS
729531000006110,Malignant neoplasm of thoracic cavity structure
380110012,Neoplasm of respiratory tract
729321000006119,"Malignant neoplasm of nasal cavities, middle ear and accessory sinuses"
1228552012,Malignant neoplasm of nasal cavities
288771014,Malignant neoplasm of cartilage of nose
288772019,Malignant neoplasm of nasal conchae
721961000006111,Malignant neoplasm of septum of nose
288775017,Malignant neoplasm of vestibule of nose
288776016,Malignant neoplasm of nasal cavities NOS
730011000006119,"Malignant neoplasm of auditory tube, middle ear and mastoid air cells"
288784017,Malignant neoplasm of tympanic cavity
288787012,Malignant neoplasm of tympanic antrum
724621000006112,Malignant neoplasm of mastoid air cells
730021000006110,"Malignant neoplasm of auditory tube, middle ear and mastoid air cells"
724641000006117,Malignant neoplasm of maxillary sinus
1228553019,Malignant neoplasm of ethmoid sinus
719021000006111,Malignant neoplasm of frontal sinus
721721000006119,Malignant neoplasm of sphenoidal sinus
288790018,"Malignant neoplasm, overlapping lesion of accessory sinuses"
729571000006113,"Malig neop other site nasal cavity, middle ear and sinuses"
288792014,Malignant tumour of nasal sinuses
724791000006119,Malignant tumour of larynx
288794010,Malignant neoplasm of glottis
288797015,Malignant neoplasm of supraglottis
721871000006110,Malignant neoplasm of subglottis
724761000006110,Malignant neoplasm of laryngeal cartilage
288799017,Malignant neoplasm of arytenoid cartilage
288800018,Malignant neoplasm of cricoid cartilage
288802014,Malignant neoplasm of thyroid cartilage
288803016,Malignant tumour of laryngeal cartilage
1219468014,"Malignant neoplasm, overlapping lesion of larynx"
451428019,Malignant neoplasm of epiglottis NOS
288806012,"Malignant neoplasm of larynx, other specified site"
288807015,Malignant neoplasm of larynx NOS
288808013,Malignant neoplasm of lower respiratory tract
721391000006116,Malignant neoplasm of trachea
288810010,Malignant neoplasm of mucosa of trachea
288811014,Malignant neoplasm of trachea NOS
155361017,Malignant neoplasm of main bronchus
288813012,Malignant neoplasm of carina of bronchus
155287019,Malignant neoplasm of hilus of lung
288815017,Malignant neoplasm of main bronchus NOS
403688010,"Malignant neoplasm of upper lobe, bronchus or lung"
414849013,Pancoast's syndrome
288819011,Malignant neoplasm of upper lobe bronchus
288820017,Malignant neoplasm of upper lobe of lung
288821018,"Malignant neoplasm of upper lobe, bronchus or lung NOS"
288822013,"Malignant neoplasm of middle lobe, bronchus or lung"
288823015,Malignant neoplasm of middle lobe bronchus
288824014,Malignant neoplasm of middle lobe of lung
288825010,"Malignant neoplasm of middle lobe, bronchus or lung NOS"
288826011,"Malignant neoplasm of lower lobe, bronchus or lung"
288827019,Malignant neoplasm of lower lobe bronchus
288828012,Malignant neoplasm of lower lobe of lung
288829016,"Malignant neoplasm of lower lobe, bronchus or lung NOS"
723301000006110,Malignant neoplasm of overlapping lesion of bronchus and lung
103180017,Mesothelial neoplasm
288832018,Malignant neoplasm of other sites of bronchus or lung
403689019,Malignant tumour of lung
733371000006119,Lung cancer
723001000006113,Malignant neoplasm of pleura
155447014,Malignant neoplasm of parietal pleura
705211000006111,Malignant mesothelioma of pleura
288839010,Malignant neoplasm of other specified pleura
288840012,Malignant tumour of pleura
288841011,"Malignant neoplasm of thymus, heart and mediastinum"
721271000006114,Malignant neoplasm of thymus
725151000006110,Malignant neoplasm of heart
726071000006111,Malignant neoplasm of endocardium
724051000006110,Malignant neoplasm of myocardium
155459013,Malignant neoplasm of pericardium
173941016,Mesothelioma of pericardium
288847010,Malignant tumour of heart
155078019,Malignant neoplasm of anterior mediastinum
155473016,Malignant neoplasm of posterior mediastinum
724671000006113,"Malignant neoplasm of mediastinum, part unspecified"
729521000006112,"Malig neop of other site of heart, thymus and mediastinum"
288852017,"Malignant neoplasm of heart, thymus and mediastinum NOS"
730001000006117,"Malignant neoplasm, overlapping lesion of heart, mediastinum and pleura"
720581000006118,Primary malignant neoplasm of intrathoracic organs
729601000006118,Malig neop other/ill-defined sites resp/intrathoracic organs
729551000006115,"Malig neop of upper respiratory tract, part unspecified"
288857011,Malignant neoplasm of other site of respiratory tract
288858018,Malignant neoplasm of respiratory system
729331000006116,"Malignant neoplasm of bone, connective tissue, skin and breast"
380094018,"Carcinoma of bone, connective tissue, skin and breast"
380093012,Sarcoma of bone and connective tissue
403691010,Malignant neoplasm of bone and articular cartilage
552511000006110,Chondroma
40641000006114,Osteoma
288869015,Malignant neoplasm of bones of skull and face
155228014,Malignant neoplasm of ethmoid bone
155259011,Malignant neoplasm of frontal bone
288872010,Malignant neoplasm of malar bone
155402013,Malignant neoplasm of nasal bone
155421017,Malignant neoplasm of occipital bone
288875012,Malignant neoplasm of orbital bone
155444019,Malignant neoplasm of parietal bone
155582012,Malignant neoplasm of sphenoid bone
155607014,Malignant neoplasm of temporal bone
155681013,Malignant neoplasm of zygomatic bone
155370019,Malignant neoplasm of maxilla
2475564017,Malignant neoplasm of turbinate
155677013,Malignant neoplasm of vomer
288883018,Malignant neoplasm of bones of skull and face NOS
155368011,Malignant neoplasm of mandible
720341000006115,Malignant neoplasm of vertebral column
288885013,Malignant neoplasm of cervical vertebra
288886014,Malignant neoplasm of thoracic vertebra
288887017,Malignant neoplasm of lumbar vertebra
288888010,Malignant neoplasm of vertebral column NOS
288889019,"Malignant neoplasm of ribs, sternum and clavicle"
155495017,Malignant neoplasm of rib
155592016,Malignant neoplasm of sternum
155191015,Malignant neoplasm of clavicle
288894019,Malignant neoplasm of costal cartilage
726631000006118,Malignant neoplasm of costo-vertebral joint
288896017,Malignant neoplasm of xiphoid process
288897014,"Malignant neoplasm of rib, sternum and clavicle NOS"
288898016,Malignant neoplasm of scapula and long bones of upper arm
155503017,Malignant neoplasm of scapula
288901015,Malignant neoplasm of humerus
155483017,Malignant neoplasm of radius
155641018,Malignant neoplasm of ulna
729541000006117,Malig neop of scapula and long bones of upper arm NOS
403697014,Malignant neoplasm of hand bones
380146015,Malignant neoplasm of metacarpal bones
288909018,Malignant neoplasm of carpal bone - scaphoid
288910011,Malignant neoplasm of carpal bone - lunate
288921019,Malignant neoplasm of fifth metacarpal bone
288922014,Malignant neoplasm of phalanges of hand
288923016,Malignant neoplasm of hand bones NOS
288924010,"Malignant neoplasm of pelvic bones, sacrum and coccyx"
155294016,Malignant neoplasm of ilium
155308013,Malignant neoplasm of ischium
155479017,Malignant neoplasm of pubis
288928013,Malignant neoplasm of sacral vertebra
288929017,Malignant neoplasm of coccygeal vertebra
2549374014,Malignant sacral teratoma
288930010,"Malignant neoplasm of pelvis, sacrum or coccyx NOS"
288931014,Malignant neoplasm of long bones of leg
155246015,Malignant neoplasm of femur
155247012,Malignant neoplasm of fibula
155624015,Malignant neoplasm of tibia
288935017,Malignant neoplasm of long bone of lower limb
155604019,Malignant neoplasm of talus
288941012,Malignant neoplasm of calcaneum
288942017,Malignant neoplasm of medial cuneiform
288947011,Malignant neoplasm of first metatarsal bone
288950014,Malignant neoplasm of fourth metatarsal bone
288952018,Malignant neoplasm of phalanges of foot
288953011,Malignant neoplasm of short bones of leg NOS
720031000006110,Malignant neoplasm/overlap lesion/bone+articulr cartilage
720021000006112,"Malignant neoplasm/bones+articular cartilage/limb,unspfd"
288959010,Malignant neoplasm of bone and articular cartilage
2164653019,Osteosarcoma
288960017,Malignant neoplasm of connective and other soft tissue
729361000006113,"Malig neop of connective and soft tissue head, face and neck"
1228565015,Malignant neoplasm of soft tissue of head
1228566019,Malignant neoplasm of soft tissue of face
1228567011,Malignant neoplasm of soft tissue of neck
288962013,Malignant neoplasm of cartilage of ear
288963015,Malignant neoplasm of tarsus of eyelid
730031000006113,"Malig neop connective and soft tissue head, face, neck NOS"
729291000006111,Malignant neoplasm of connective and soft tissue of upper limb and shoulder
288967019,Malignant neoplasm of connective and soft tissue of shoulder
288968012,"Malignant neoplasm of connective and soft tissue, upper arm"
288969016,Malignant neoplasm of connective and soft tissue of fore-arm
288970015,Malignant neoplasm of connective and soft tissue of hand
288971016,Malignant neoplasm of connective and soft tissue of finger
288972011,Malignant neoplasm of connective and soft tissue of thumb
729401000006115,Malignant neoplasm of connective and soft tissue of hip and lower limb
288975013,Malignant neoplasm of connective and soft tissue of hip
729451000006116,Malignant neoplasm of connective and soft tissue of thigh and upper leg
730251000006110,Malignant neoplasm of connective and soft tissue of popliteal space
729421000006113,Malignant neoplasm of connective and soft tissue of lower leg
288979019,Malignant neoplasm of connective and soft tissue of foot
288980016,Malignant neoplasm of connective and soft tissue of toe
730241000006113,Malig neop connective and soft tissue hip and leg NOS
288985014,Malignant neoplasm of connective and soft tissue of thorax
288986010,Malignant neoplasm of connective and soft tissue of axilla
155209019,Malignant neoplasm of diaphragm
155272012,Malignant neoplasm of great vessels
728491000006116,Malignant neoplasm of connective and soft tissues of thoracic spine
729441000006118,Malig neop of connective and soft tissue of thorax NOS
288991011,Malignant neoplasm of connective and soft tissue of abdomen
729381000006115,Malignant neoplasm of connective and soft tissue of abdominal wall
728481000006119,Malignant neoplasm of connective and soft tissues of lumbar spine
729371000006118,Malig neop of connective and soft tissue of abdomen NOS
288995019,Malignant neoplasm of connective and soft tissue of pelvis
288999013,Malignant neoplasm of connective and soft tissue of buttock
729411000006117,Malignant neoplasm of connective and soft tissue of inguinal region
289001014,Malignant neoplasm of connective and soft tissue of perineum
729431000006111,Malig neop of connective and soft tissue of pelvis NOS
729461000006119,Malignant neoplasm of connective and soft tissues of trunk
729281000006113,Malig neop connective and soft tissue other specified site
289007013,"Malignant neoplasm of connective and soft tissue, site NOS"
289008015,Kaposi's sarcoma of soft tissue
155060012,Malignant melanoma of skin
289009011,Malignant melanoma of lip
728201000006110,Malignant melanoma of eyelid
289011019,Malignant melanoma of ear and external auricular canal
289012014,Malignant melanoma of auricle (ear)
289013016,Malignant melanoma of external auditory meatus
289014010,Malignant melanoma of ear and external auricular canal NOS
289015011,Malignant melanoma of skin of face
1235785014,Malignant melanoma of external surface of cheek
289017015,Malignant melanoma of chin
1235786010,Malignant melanoma of eyebrow
289019017,Malignant melanoma of forehead
1235798017,Malignant melanoma of external surface of nose
289021010,Malignant melanoma of temple
289022015,Malignant melanoma of skin of face
289023013,Malignant melanoma of scalp and neck
289024019,Malignant melanoma of scalp
289025018,Malignant melanoma of neck
289026017,Malignant melanoma of scalp and/or neck
289027014,Malignant melanoma of skin of trunk
289028016,Malignant melanoma of axilla
289029012,Malignant melanoma of breast
289030019,Malignant melanoma of buttock
289031015,Malignant melanoma of groin
289033017,Malignant melanoma of perineum
289034011,Malignant melanoma of umbilicus
454085011,Malignant melanoma of back
457109011,Malignant melanoma of chest wall
289037016,Malignant melanoma of trunk
727731000006113,Malignant melanoma of upper limb
289039018,Malignant melanoma of shoulder
289040016,Malignant melanoma of upper arm
289041017,Malignant melanoma of fore-arm
289042012,Malignant melanoma of hand
289043019,Malignant melanoma of finger
289044013,Malignant melanoma of thumb
289045014,Malignant melanoma of upper limb or shoulder NOS
289046010,Malignant melanoma of lower limb and hip
289047018,Malignant melanoma of hip
289048011,Malignant melanoma of thigh
289049015,Malignant melanoma of knee
289050015,Malignant melanoma of popliteal fossa area
289051016,Malignant melanoma of lower leg
289052011,Malignant melanoma of ankle
289053018,Malignant melanoma of heel
289054012,Malignant melanoma of foot
289055013,Malignant melanoma of toe
289056014,Malignant melanoma of great toe
289057017,Malignant melanoma of lower limb or hip NOS
289060012,Malignant melanoma of other specified skin site
173816012,Overlapping malignant melanoma of skin
289063014,Malignant melanoma of skin NOS
1210642019,Malignant neoplasm of female breast
531851000006119,Ca female breast
289137018,Malignant neoplasm of nipple and areola of female breast
155417012,Malignant neoplasm of nipple of female breast
155089014,Malignant neoplasm of areola of female breast
289140018,Malignant neoplasm of nipple or areola of female breast NOS
289141019,Malignant neoplasm of central part of female breast
289142014,Malignant neoplasm of upper-inner quadrant of female breast
289143016,Malignant neoplasm of lower-inner quadrant of female breast
289144010,Malignant neoplasm of upper-outer quadrant of female breast
289145011,Malignant neoplasm of lower-outer quadrant of female breast
289146012,Malignant neoplasm of axillary tail of female breast
289147015,"Malignant neoplasm, overlapping lesion of breast"
289148013,Malignant neoplasm of other site of female breast
289149017,Malignant neoplasm of ectopic site of female breast
289150017,Malignant neoplasm of other site of female breast NOS
289151018,Malignant neoplasm of female breast NOS
155364013,Malignant neoplasm of male breast
289153015,Malignant neoplasm of nipple and areola of male breast
155418019,Malignant neoplasm of nipple of male breast
155090017,Malignant neoplasm of areola of male breast
289157019,Malignant neoplasm of other site of male breast
289158012,Malignant neoplasm of ectopic site of male breast
289159016,Malignant neoplasm of male breast NOS
729351000006111,"Malig neop of bone, connective tissue, skin and breast OS"
729341000006114,"Malig neop of bone, connective tissue, skin and breast NOS"
406263015,Malignant neoplasm of genitourinary organ
380092019,Carcinoma of genitourinary organ
289166015,Malignant neoplasm of uterus
1228493018,Malignant neoplasm of cervix uteri
543481000006111,Malignant tumour of cervix
155218017,Malignant neoplasm of endocervix
289171010,Malignant neoplasm of endocervical canal
289172015,Malignant neoplasm of endocervical gland
289173013,Malignant neoplasm of endocervix NOS
155231010,Malignant neoplasm of exocervix
289175018,"Malignant neoplasm, overlapping lesion of cervix uteri"
289178016,Malignant neoplasm of other site of cervix
289179012,Malignant neoplasm of cervical stump
289180010,Malignant neoplasm of squamocolumnar junction of cervix
289181014,Malignant neoplasm of other site of cervix NOS
289182019,Malignant neoplasm of cervix uteri NOS
155468010,Primary malignant neoplasm of placenta
552661000006114,Choriocarcinoma
1210561014,Malignant neoplasm of body of uterus
289187013,"Malignant neoplasm of corpus uteri, excluding isthmus"
289188015,Malignant neoplasm of cornu of corpus uteri
289189011,Malignant neoplasm of fundus of corpus uteri
289190019,Malignant neoplasm of endometrium of corpus uteri
980021000006113,Malignant neoplasm of endometrium
289191015,Malignant neoplasm of myometrium of corpus uteri
289192010,Malignant neoplasm of corpus uteri NOS
289193017,Malignant neoplasm of isthmus of uterine body
289194011,Malignant neoplasm of lower uterine segment
289195012,Malignant neoplasm of isthmus of uterine body NOS
289196013,Malignant neoplasm of overlapping lesion of corpus uteri
289197016,Malignant neoplasm of other site of uterine body
289198014,Malignant neoplasm of body of uterus NOS
289199018,Malignant neoplasm of uterine adnexa
723281000006111,Malignant tumour of ovary
1228570010,Cancer of ovary
726271000006117,Malignant neoplasm of fallopian tube
155155010,Malignant neoplasm of broad ligament
155441010,Malignant neoplasm of parametrium
289203018,Malignant neoplasm of other site of uterine adnexa
289204012,Malignant neoplasm of uterine adnexa NOS
729491000006110,Malig neop of other and unspecified female genital organs
721051000006113,Malignant tumour of vagina
289207017,Malignant neoplasm of vaginal vault
289208010,Malignant neoplasm of vagina NOS
482690017,Malignant neoplasm of labia majora
289209019,Malignant neoplasm of greater vestibular (Bartholin's) gland
289210012,Malignant neoplasm of labia majora NOS
482691018,Malignant neoplasm of labia minora
1210566016,Malignant neoplasm of clitoris
403701012,Malignant tumour of vulva
411399019,Primary vulval cancer
720041000006117,Malignant neoplasm/overlapping lesion/feml genital organs
289217010,Malignant neoplasm of other specified female genital organ
723341000006112,Overlapping malignant neoplasm of vulva
289219013,Malignant tumour of female genital organ
722361000006115,Malignant tumour of prostate
721171000006119,Malignant tumour of testis
289223017,Malignant neoplasm of undescended testis
457318018,Seminoma of undescended testis
109391000006119,Teratoma of undescended testis
289234019,Malignant neoplasm of undescended testis NOS
174562015,Malignant neoplasm of descended testis
457319014,Seminoma of descended testis
109371000006115,Malignant teratoma of descended testis
473991000000119,Malignant neoplasm of descended testis
403702017,Malignant neoplasm of testis NOS
380180017,Seminoma of testis
109381000006117,Malignant teratoma of testis
289242018,Malignant neoplasm of penis and other male genital organs
1228575017,Malignant neoplasm of prepuce (foreskin)
725771000006116,Malignant neoplasm of glans penis
289246015,Malignant neoplasm of body of penis
289249010,Malignant tumour of penis
726141000006116,Malignant neoplasm of epididymis
721701000006112,Malignant neoplasm of spermatic cord
723111000006110,Malignant neoplasm of scrotum
1219540012,"Malignant neoplasm, overlapping lesion of penis"
289251014,Malignant neoplasm of other male genital organ
289252019,Malignant neoplasm of seminal vesicle
289257013,Malignant neoplasm of tunica vaginalis
720591000006115,"Malignant neoplasm, overlapping lesion of male genital organs"
289259011,Malignant neoplasm of other male genital organ NOS
289260018,Malignant neoplasm of penis and other male genital organ NOS
1786811017,Malignant neoplasm of urinary bladder
289262014,Malignant neoplasm of trigone of urinary bladder
289267015,Malignant neoplasm of dome of urinary bladder
289270016,Malignant neoplasm of lateral wall of urinary bladder
289271017,Malignant neoplasm of anterior wall of urinary bladder
289272012,Malignant neoplasm of posterior wall of urinary bladder
289275014,Malignant neoplasm of bladder neck
289276010,Malignant neoplasm of ureteric orifice
720951000006119,Malignant neoplasm of urachus
289279015,Malignant neoplasm of other site of urinary bladder
289280017,"Malignant neoplasm, overlapping lesion of bladder"
289281018,Malignant neoplasm of urinary bladder NOS
729481000006112,Malignant tumour of urinary system
177051000006111,Malignant tumour of kidney
289285010,Malignant neoplasm of kidney parenchyma
289288012,Hypernephroma
722481000006116,Malignant tumour of renal pelvis
722471000006119,Malignant neoplasm of renal calyces
289294016,Malignant neoplasm of ureteropelvic junction
289296019,Malignant neoplasm of renal pelvis NOS
720961000006117,Malignant tumour of ureter
720991000006113,Malignant neoplasm of urethra
723451000006119,Malignant neoplasm of paraurethral glands
289297011,Malignant neoplasm of other urinary organs
289298018,Malignant neoplasm of overlapping lesion of urinary organs
289299014,Malignant tumour of urinary system
725761000006111,Malignant neoplasm of genitourinary organ OS
289301019,Malignant neoplasm of genitourinary organ NOS
406265010,Malignant neoplastic disease
380211016,Carcinoma of other and unspecified sites
1208876015,Malignant neoplasm of eye
729311000006110,"Malignant neoplasm of eyeball excluding conjunctiva, cornea, retina and choroid"
289308013,Malignant neoplasm of ciliary body
289311014,Malignant neoplasm of iris
289316016,Malignant neoplasm of eyeball NOS
723541000006115,Malignant neoplasm of orbit
289317013,Malignant neoplasm of connective tissue of orbit
289319011,Malignant neoplasm of orbit NOS
289322013,Malignant neoplasm of lacrimal gland
726371000006114,Malignant neoplasm of conjunctiva
726561000006114,Malignant neoplasm of cornea
722521000006116,Malignant neoplasm of retina
727181000006113,Malignant neoplasm of choroid
724721000006116,Malignant neoplasm of lacrimal duct
289325010,Malignant neoplasm of lacrimal sac
289326011,Malignant neoplasm of nasolacrimal duct
1217367011,"Malignant neoplasm, overlapping lesion of eye and adnexa"
289329016,Malignant neoplasm of other specified site of eye
289330014,Malignant neoplasm of eye NOS
2692069010,Malignant neoplasm of brain
543111000006111,Cerebral tumour - malignant
727771000006111,Malignant neoplasm of cerebrum (excluding lobes and ventricles)
289337012,Malignant neoplasm of basal ganglia
289338019,Malignant neoplasm of cerebral cortex
289341011,Malignant neoplasm of globus pallidus
289343014,Malignant neoplasm of hypothalamus
289345019,Malignant neoplasm of thalamus
289346018,Malignant neoplasm of cerebrum NOS
482730011,Malignant neoplasm of frontal lobe
482731010,Malignant neoplasm of temporal lobe
289347010,Malignant neoplasm of hippocampus
289349013,Malignant neoplasm of temporal lobe NOS
482732015,Malignant neoplasm of parietal lobe
482733013,Malignant neoplasm of occipital lobe
482734019,Malignant neoplasm of cerebral ventricles
289352017,Malignant neoplasm of choroid plexus
155175018,Malignant neoplasm of cerebellum
727511000006114,Malignant neoplasm of brainstem
289355015,Malignant neoplasm of cerebral peduncle
289356019,Malignant neoplasm of medulla oblongata
289357011,Malignant neoplasm of midbrain
289358018,Malignant neoplasm of pons
727521000006118,Malignant neoplasm of brain stem NOS
289360016,Malignant neoplasm of other parts of brain
289361017,Malignant neoplasm of corpus callosum
720631000006115,Overlapping malignant neoplasm of brain
289364013,Malignant neoplasm of other part of brain NOS
289365014,Malignant neoplasm of brain NOS
729501000006119,Malig neop of other and unspecified parts of nervous system
726641000006111,Malignant neoplasm of cranial nerves
289369015,Malignant neoplasm of olfactory bulb
155425014,Malignant neoplasm of optic nerve
727841000006110,Malignant neoplasm of acoustic nerve
289374011,Malignant neoplasm of cranial nerves NOS
482737014,Malignant neoplasm of cerebral meninges
289379018,Malignant neoplasm of cerebral meninges NOS
721751000006111,Malignant neoplasm of spinal cord
482740014,Malignant neoplasm of spinal meninges
289383018,Malignant neoplasm of spinal meninges NOS
728461000006112,Malig neopl peripheral nerves and autonomic nervous system
722911000006119,"Malignant neoplasm of peripheral nerves of head, face and neck"
722901000006117,"Malignant neoplasm of peripheral nerves of upper limb, including shoulder"
722871000006117,"Malignant neoplasm of peripheral nerves of lower limb, including hip"
289388010,Malignant neoplasm of peripheral nerve of thorax
289389019,Malignant neoplasm of peripheral nerve of abdomen
289390011,Malignant neoplasm of peripheral nerve of pelvis
720001000006119,"Malignant neoplasm, overlapping lesion of peripheral nerves and autonomic nervous system"
482741013,Malignant neoplasm of cauda equina
728471000006117,"Malig neopl, overlap lesion brain & other part of CNS"
724681000006111,"Malignant neoplasm of meninges, unspecified"
289396017,Malignant neoplasm of other specified part of nervous system
289397014,Malignant neoplasm of nervous system
721291000006110,Malignant tumour of thyroid gland
729511000006116,Malig neop of other endocrine glands and related structures
155072018,Malignant neoplasm of adrenal gland
444773019,Phaeochromocytoma
1210553016,Malignant neoplasm of adrenal cortex
1210554010,Malignant neoplasm of adrenal medulla
289406011,Malignant tumour of adrenal gland
723441000006116,Malignant neoplasm of parathyroid gland
720481000006117,Malignant neoplasm of pituitary gland and craniopharyngeal duct
722981000006114,Malignant neoplasm of pituitary gland
289409016,Malignant neoplasm of craniopharyngeal duct
730041000006115,Malig neop pituitary gland or craniopharyngeal duct NOS
722961000006116,Malignant neoplasm of pineal gland
155168019,Malignant neoplasm of carotid body
289413011,Primary malignant neoplasm of paraganglion
155269017,Malignant neoplasm of glomus jugulare
155085015,Malignant neoplasm of aortic body
155193017,Malignant neoplasm of coccygeal body
289419010,Malignant neoplasm of aortic body or paraganglia NOS
144849016,Neuroblastoma
720011000006116,"Malignant neoplasm-pluriglandular involvement,unspecified"
289421017,Malignant neoplasm of other specified endocrine gland
729471000006114,Malig neop of endocrine gland or related structure NOS
289423019,Malignant neoplasm of other and ill-defined sites
289424013,"Malignant neoplasm of head, neck and face"
289425014,Malignant tumour of head and neck
289426010,Carcinoma of cheek
289427018,Malignant neoplasm of nose
289428011,Malignant neoplasm of jaw
289429015,Malignant tumour of neck
289430013,Malignant neoplasm of supraclavicular fossa
289431012,"Malignant neoplasm of head, neck and face NOS"
289432017,Malignant neoplasm of thorax
289435015,Malignant tumour of axilla
289436019,Malignant neoplasm of chest wall
289437011,Malignant neoplasm of intrathoracic site NOS
289438018,Malignant neoplasm of thorax NOS
289441010,Malignant neoplasm of abdomen
722761000006119,Malignant neoplasm of pelvis
289442015,Malignant neoplasm of inguinal region
155477015,Malignant neoplasm of presacral region
289445018,Malignant neoplasm of pelvis NOS
289446017,Malignant neoplasm of upper limb NOS
289447014,Malignant tumour of lower limb
289448016,Malignant neoplasm of other specified sites
289449012,Malignant neoplasm of back
289450012,Malignant neoplasm of trunk
289451011,Malignant neoplasm of flank
289452016,Malignant neoplasm of specified site NOS
723601000006116,Malignant neoplasm of other and ill defined site NOS
406333010,Secondary malignant neoplasm of lymph node
732441000006113,Lymph node metastases
157761000006113,Metastasis to head and neck lymph node
157821000006114,Secondary malignant neoplasm of parotid lymph nodes
157961000006111,Secondary malignant neoplasm of mastoid lymph nodes
157921000006117,Secondary malignant neoplasm of superficial cervical lymph nodes
157971000006116,Secondary malignant neoplasm of occipital lymph nodes
157591000006113,Secondary malignant neoplasm of parotid lymph nodes
157891000006111,Secondary malignant neoplasm of submandibular lymph nodes
157801000006116,Secondary malignant neoplasm of lymph nodes of face
157901000006110,Secondary malignant neoplasm of submental lymph nodes
157491000006114,Secondary malignant neoplasm of anterior cervical lymph nodes
157571000006112,Secondary malignant neoplasm of deep cervical lymph nodes
152611000006116,Secondary unspec malig neop lymph nodes head/face/neck NOS
157751000006111,Secondary and unspec malig neop intrathoracic lymph nodes
157691000006112,Secondary malignant neoplasm of internal mammary lymph nodes
157601000006117,Secondary malignant neoplasm of diaphragmatic lymph nodes
157481000006111,Secondary malignant neoplasm of mediastinal lymph nodes
157861000006115,Secondary and unspec malig neop post mediastinal lymph nodes
157831000006112,Secondary and unspec malig neop paratracheal lymph nodes
157911000006113,Secondary malignant neoplasm of tracheobronchial lymph nodes
157641000006115,Secondary malignant neoplasm of tracheobronchial lymph nodes
157531000006114,Secondary and unspec malig neop bronchopulmonary lymph nodes
157871000006110,Secondary malignant neoplasm of bronchopulmonary lymph nodes
157741000006114,Secondary and unspec malig neop intrathoracic LN NOS
157711000006110,Secondary and unspec malig neop intra-abdominal lymph nodes
157551000006119,Secondary malignant neoplasm of coeliac lymph nodes
157941000006112,Secondary malignant neoplasm of mesenteric lymph nodes
157631000006113,Secondary malignant neoplasm of mesenteric lymph nodes
157561000006117,Secondary malignant neoplasm of iliac lymph nodes
157611000006119,Secondary and unspec malig neop external iliac lymph nodes
157701000006112,Secondary and unspec malig neop intra-abdominal LN NOS
157501000006118,Secondary malignant neoplasm of lymph nodes of upper limb
157521000006111,Secondary malignant neoplasm of axillary lymph nodes
157951000006114,Secondary malignant neoplasm of supratrochlear lymph nodes
157651000006118,Secondary malignant neoplasm of infraclavicular lymph nodes
157841000006119,Secondary malignant neoplasm of pectoral axillary lymph nodes
157511000006115,Secondary and unspec malig neop axilla and upper limb LN NOS
157661000006116,Secondary and unspec malig neop inguinal and lower limb LN
157931000006119,Secondary malignant neoplasm of superficial inguinal lymph nodes
157581000006110,Secondary malignant neoplasm of deep inguinal lymph nodes
157811000006118,Secondary and unspec malig neop of inguinal and leg LN NOS
157731000006116,Secondary and unspec malig neop intrapelvic lymph nodes
157681000006114,Secondary malignant neoplasm of internal iliac lymph nodes
157541000006116,Secondary malignant neoplasm of circumflex iliac lymph nodes
157881000006113,Secondary malignant neoplasm of sacral lymph nodes
157721000006119,Secondary and unspec malig neop intrapelvic LN NOS
157771000006118,Secondary and unspec malig neop lymph nodes multiple sites
157781000006115,Secondary and unspec malig neop lymph nodes NOS
151111000006118,Secondary malignant neoplasm of respiratory and digestive systems
704711000006119,Metastases of respiratory and/or digestive systems
380193010,Secondary carcinoma of respiratory and/or digestive systems
156319016,Secondary malignant neoplasm of lung
156375015,Secondary malignant neoplasm of mediastinum
156585018,Secondary malignant neoplasm of pleura
289515018,Secondary malignant neoplasm of respiratory tract
151621000006119,Secondary malignant neoplasm of small intestine
156007019,Secondary malignant neoplasm of duodenum
156169017,Secondary malignant neoplasm of ileum
151151000006117,Secondary malig neop of small intestine or duodenum NOS
151321000006111,Secondary malignant neoplasm of large intestine
155967013,Secondary malignant neoplasm of colon
156627017,Secondary malignant neoplasm of rectum
151101000006116,Secondary malig neop of large intestine or rectum NOS
151131000006112,Secondary malignant neoplasm of retroperitoneum and peritoneum
1215809015,Secondary malignant neoplasm of retroperitoneum
1235875018,Secondary malignant neoplasm of peritoneum
353772013,Malignant ascites
151141000006119,Secondary malig neop of retroperitoneum or peritoneum NOS
156291015,Secondary malignant neoplasm of liver
739801000006115,Metastasis to liver
289530010,Secondary malignant neoplasm of gastrointestinal tract
151121000006114,Secondary malig neop of respiratory or digestive system NOS
151421000006117,Secondary malignant neoplastic disease
380206018,Secondary carcinoma of other specified sites
156237018,Secondary malignant neoplasm of kidney
289535017,Secondary malignant neoplasm of other urinary organs
156973018,Secondary malignant neoplasm of ureter
155773015,Secondary malignant neoplasm of bladder
156977017,Secondary malignant neoplasm of urethra
289536016,Secondary malignant neoplasm of other urinary organ NOS
156777013,Secondary malignant neoplasm of skin
289538015,Secondary malignant neoplasm of skin of head
156719018,Secondary malignant neoplasm of skin of face
156747019,Secondary malignant neoplasm of skin of neck
156765015,Secondary malignant neoplasm of skin of trunk
289542017,Secondary malignant neoplasm of skin of shoulder and arm
289543010,Secondary malignant neoplasm of skin of hip and leg
156699010,Secondary malignant neoplasm of skin of breast
289545015,Secondary malignant neoplasm of skin NOS
289546019,Secondary malignant neoplasm of brain and spinal cord
155879014,Secondary malignant neoplasm of brain
156825010,Metastasis to spinal cord
543041000006111,Cerebral metastases
289549014,Secondary malignant neoplasm of brain or spinal cord NOS
289550014,Secondary malignant neoplasm of other part of nervous system
1235814012,Secondary malignant neoplasm of bone and bone marrow
216227011,Pathological fracture due to metastatic bone disease
156493015,Secondary malignant neoplasm of ovary
155711012,Secondary malignant neoplasm of adrenal gland
406266011,Secondary malignant neoplasm of other specified sites
511250010,Secondary malignant neoplasm of breast
156989015,Secondary malignant neoplasm of uterus
289553011,Secondary malignant neoplasm of cervix uteri
289554017,Secondary cancer of the cervix
156997010,Secondary malignant neoplasm of vagina
157025019,Secondary malignant neoplasm of vulva
511385013,Secondary cancer of the vulva
156607018,Secondary malignant neoplasm of prostate
156883018,Secondary malignant neoplasm of testis
156557015,Secondary malignant neoplasm of penis
289557012,Secondary malignant neoplasm of epididymis and vas deferens
156919012,Secondary malignant neoplasm of tongue
151401000006110,Secondary malignant neoplasm of other specified site NOS
289559010,Secondary malignant neoplasm of other specified site NOS
289561018,Malignant neoplasm of unspecified site
403704016,Disseminated malignancy
450901012,Carcinomatosis
289565010,Other malignant neoplasm NOS
289566011,Malignant neoplasms of independent (primary) multiple sites
755631000006110,Kaposi's sarcoma of multiple organs
454091013,Primary malignant neoplasm of unknown site
409845013,Secondary malignant neoplasm of unknown site
380059013,Malignant tumour of unknown origin
289571016,Malignant neoplasm of unspecified site NOS
755671000006113,"Kaposi's sarcoma, unspecified"
723641000006119,Malignant neoplasm of other and unspecified site OS
289574012,Malignant neoplasm of other and unspecified site NOS
403705015,Malignant neoplasm of lymphatic and haemopoietic tissue
725221000006111,Malignant neoplasm of histiocytic tissue
289580016,Lymphosarcoma and reticulosarcoma
1211679013,Reticulosarcoma
289581017,Reticulosarcoma of unspecified site
289582012,"Reticulosarcoma of lymph nodes of head, face and neck"
157745018,Reticulosarcoma of intra-abdominal lymph nodes
157752016,Reticulosarcoma of spleen
289590012,Reticulosarcoma NOS
289591011,Lymphosarcoma
289592016,Lymphosarcoma of unspecified site
289593014,"Lymphosarcoma of lymph nodes of head, face and neck"
289594015,Lymphosarcoma of intrathoracic lymph nodes
289595019,Lymphosarcoma of intra-abdominal lymph nodes
731691000006110,Lymphosarcoma of lymph nodes of inguinal region and lower limb
289599013,Lymphosarcoma of spleen
289601010,Lymphosarcoma NOS
2663190016,Burkitt's lymphoma
289603013,"Burkitt's lymphoma of lymph nodes of head, face and neck"
289604019,Burkitt's lymphoma of intrathoracic lymph nodes
289605018,Burkitt's lymphoma of intra-abdominal lymph nodes
527801000006112,Burkitt's lymphoma of lymph nodes of inguinal region and lower limb
289612010,Burkitt's lymphoma NOS
289613017,Other specified reticulosarcoma or lymphosarcoma
289614011,Reticulosarcoma or lymphosarcoma NOS
2663473018,Hodgkin's disease
1815031000006110,Hodgkin lymphoma
826681000006115,"Hodgkin lymphoma, nodular lymphocyte predominance (clinical)"
826751000006118,"Hodgkin's paragranuloma of lymph nodes of head, face, and neck"
289621011,Hodgkin's paragranuloma of intra-abdominal lymph nodes
2663476014,Hodgkin's granuloma
289629013,"Hodgkin's granuloma of lymph nodes of head, face and neck"
2663376010,Hodgkin's sarcoma
289643015,Hodgkin's sarcoma of lymph nodes of axilla and upper limb
826261000006110,"Hodgkin's disease, lymphocytic-histiocytic predominance"
826991000006114,"Hodgkin's disease, lymphocytic-histiocytic predominance (clinical)"
826951000006115,"Hodgkin's disease, lymphocytic-histiocytic predominance of lymph nodes of head, face and neck"
826941000006117,"Hodgkin's disease, lymphocytic-histiocytic predominance of intrathoracic lymph nodes"
826921000006112,"Hodgkin's disease, lymphocytic-histiocytic predominance of intra-abdominal lymph nodes"
826911000006116,"Hodgkin's disease, lymphocytic-histiocytic predominance of lymph nodes of inguinal region and lower limb"
826931000006110,"Hodgkin's disease, lymphocytic-histiocytic predominance of intrapelvic lymph nodes"
289659015,"Hodgkin's, lymphocytic-histiocytic predominance NOS"
1220414014,"Hodgkin's disease, nodular sclerosis"
289660013,"Hodgkin's disease, nodular sclerosis of unspecified site"
826611000006110,"Hodgkin's disease, nodular sclerosis of lymph nodes of head, face and neck"
826651000006111,"Hodgkin's disease, nodular sclerosis of intrathoracic lymph nodes"
826631000006116,"Hodgkin's disease, nodular sclerosis of intra-abdominal lymph nodes"
826661000006113,"Hodgkin's disease, nodular sclerosis of lymph nodes of axilla and upper limb"
826671000006118,"Hodgkin's disease, nodular sclerosis of lymph nodes of multiple sites"
289669014,"Hodgkin's disease, nodular sclerosis NOS"
2663461018,"Hodgkin's disease, mixed cellularity"
289670010,"Hodgkin's disease, mixed cellularity of unspecified site"
826571000006117,"Hodgkin's disease, mixed cellularity of lymph nodes of head, face and neck"
826561000006112,"Hodgkin's disease, mixed cellularity of intrathoracic lymph nodes"
289679011,"Hodgkin's disease, mixed cellularity NOS"
2663187010,"Hodgkin's disease, lymphocytic depletion"
289680014,Hodgkin's lymphocytic depletion of unspecified site
826471000006116,"Hodgkin's disease, lymphocytic depletion of lymph nodes of axilla and upper limb"
289699017,"Hodgkin's disease, lymphocytic depletion of spleen"
289701017,"Hodgkin's disease, lymphocytic depletion NOS"
1815091000006114,Other classical Hodgkin lymphoma
826121000006114,Hodgkin's disease NOS
289703019,"Hodgkin's disease NOS, unspecified site"
289704013,"Hodgkin's disease of lymph nodes of head, face AND/OR neck"
289705014,Hodgkin's disease of intrathoracic lymph nodes
826181000006113,Hodgkin's disease of lymph nodes of axilla AND/OR upper limb
826171000006110,Hodgkin's disease of lymph nodes of inguinal region AND/OR lower limb
289710013,Hodgkin's disease of spleen
289711012,Hodgkin's disease of lymph nodes of multiple sites
289702012,Hodgkin's disease NOS
289713010,Other malignant neoplasm of lymphoid and histiocytic tissue
673611000006113,Nodular lymphoma
289717011,Nodular lymphoma of unspecified site
289718018,"Nodular lymphoma of lymph nodes of head, face and neck"
157686016,Nodular lymphoma of intra-abdominal lymph nodes
673681000006118,Nodular lymphoma of lymph nodes of inguinal region and lower limb
157692010,Nodular lymphoma of lymph nodes of multiple sites
289726014,Nodular lymphoma NOS
2663191017,Mycosis fungoides
289727017,Mycosis fungoides of unspecified site
157075017,Mycosis fungoides of lymph nodes of axilla and upper limb
683691000006113,Mycosis fungoides of lymph nodes of inguinal region and lower limb
289738017,Mycosis fungoides of lymph nodes of multiple sites
289739013,Mycosis fungoides NOS
146651000006118,Sezary's disease
289749011,Sezary's disease NOS
445586018,Malignant histiocytosis
289750011,Malignant histiocytosis of unspecified site
728571000006118,"Malignant histiocytosis of lymph nodes of head, face and neck"
154183017,Malignant histiocytosis of intra-abdominal lymph nodes
289754019,Malignant histiocytosis NOS
745001000006114,Leukaemic reticuloendotheliosis
745011000006112,Leukaemic reticuloendotheliosis
1591211000006111,Hairy cell leukaemia
289756017,LRE - Leukaemic reticuloendotheliosis
746301000006117,Leukaemic reticuloendotheliosis of intra-abdominal lymph nodes
289773015,Leukaemic reticuloendotheliosis NOS
745971000006116,Letterer-Siwe disease (clinical)
824231000006111,"Histiocytosis X (acute, progressive)"
289776011,Letterer-Siwe disease of unspecified sites
154082012,Letterer-Siwe disease of intrathoracic lymph nodes
154089015,Letterer-Siwe disease of lymph nodes of multiple sites
289780018,Letterer-Siwe disease NOS
289781019,Malignant mast cell tumours
289783016,Mast cell malignancy
716911000006110,Mast cell malignancy of lymph nodes of inguinal region and lower limb
289791013,Mast cell malignancy of lymph nodes of multiple sites
289793011,Malignant mast cell tumour NOS
587201000006115,Non-Hodgkin's lymphoma
2839871014,Non-Hodgkin lymphoma
414257019,Follicular non-Hodgkin's small cleaved cell lymphoma
763431000006118,Follicular non-Hodgkin's mixed small cleaved and large cell lymphoma
414278016,Follicular non-Hodgkin's large cell lymphoma
289799010,Diffuse non-Hodgkin's small cell (diffuse) lymphoma
621041000006116,Diffuse non-Hodgkin's mixed small and large cell (diffuse) lymphoma
1219545019,Diffuse non-Hodgkin's immunoblastic (diffuse) lymphoma
621071000006112,"Diffuse non-Hodgkin's lymphoma, lymphoblastic (clinical)"
289812013,Diffuse non-Hodgkin's lymphoma undifferentiated (diffuse)
414252013,Mucosa-associated lymphoma
414253015,Maltoma
1668101000000112,Diffuse non-Hodgkin's large cell lymphoma
289813015,Other types of follicular non-Hodgkin's lymphoma
451429010,Follicular non-Hodgkin's lymphoma
763421000006116,Follicular lymphoma NOS
444799014,Diffuse non-Hodgkin's centroblastic lymphoma
198006010,Diffuse large B-cell lymphoma
82041000006113,B-cell non-Hodgkin's lymphoma
621091000006113,"Diffuse non-Hodgkin's lymphoma, unspecified"
1815151000006116,Follicular lymphoma
1815461000006110,Low grade B-cell lymphoma
123978016,Mantle cell lymphoma
2168691000000110,Lymphoblastic (diffuse) lymphoma
289820010,Malignant lymphoma (clinical)
344657018,T-zone lymphoma
344670010,Lymphoepithelioid lymphoma
2659756011,Peripheral T-cell lymphoma
445587010,Malignant reticulosis
289826016,Malignant immunoproliferative small intestinal disease
344806015,True histiocytic lymphoma
39671000006114,Cutaneous/peripheral T-cell lymphoma
728721000006111,Malignant lymphoma
289830018,Malignant lymphoma NOS of unspecified site
289831019,"Malignant lymphoma of lymph nodes of head, face AND/OR neck"
289832014,Malignant lymphoma of intrathoracic lymph nodes
289842011,Malignant lymphoma of intra-abdominal lymph nodes
728781000006110,Malignant lymphoma of lymph nodes of axilla AND/OR upper limb
728771000006112,Malignant lymphoma of lymph nodes of inguinal region AND/OR lower limb
289845013,Malignant lymphoma of intrapelvic lymph nodes
289846014,Malignant lymphoma of spleen
289847017,Malignant lymphoma of lymph nodes of multiple sites
289829011,Malignant lymphoma NOS
289849019,Malignant neoplasms of lymphoid and histiocytic tissue NOS
81421000006117,Unspec malig neop lymphoid/histiocytic lymph node head/neck
81401000006110,Unspec malig neop lymphoid/histiocytic intra-abdominal nodes
81431000006119,Unspec malig neop lymphoid/histiocytic nodes inguinal/leg
81461000006111,Unspec malig neop lymphoid/histiocytic of multiple sites
403710016,Lymphoid and histiocytic malignancy NOS
411516014,Immunoproliferative neoplasm
695561000006118,Multiple myeloma and immunoproliferative neoplasms
344820010,Multiple myeloma
344818012,Kahler's disease
344819016,Myelomatosis
289867014,"Malignant plasma cell neoplasm, extramedullary plasmacytoma"
139571000006117,Solitary myeloma
225051000006119,Plasmacytoma
457317011,Lambda light chain myeloma
18484012,Plasmacytoma - disorder
201743012,Plasma cell leukaemia
289873010,Other immunoproliferative neoplasms
289874016,Immunoproliferative neoplasm or myeloma NOS
289876019,Lymphoid leukaemia
289875015,Lymphatic leukaemia
509741017,Acute lymphoid leukaemia
414160018,B-cell acute lymphoblastic leukaemia
201652012,Chronic lymphoid leukaemia
555131000006118,"Chronic lymphoid leukaemia, disease"
414008012,B-cell chronic lymphocytic leukaemia
289880012,Subacute lymphoid leukaemia
289881011,Other lymphoid leukaemia
202801000006110,Prolymphocytic leukaemia
289885019,Adult T-cell leukaemia
289888017,Other lymphoid leukaemia NOS
289889013,Lymphoid leukaemia NOS
289892012,Myeloid leukaemia
201612010,Acute myeloid leukaemia
201656010,Chronic myeloid leukaemia
554641000006115,Chronic granulocytic leukaemia
289895014,Chronic eosinophilic leukaemia
289898011,Chronic neutrophilic leukaemia
289900013,Chronic myeloid leukaemia NOS
289901012,Subacute myeloid leukaemia
157091019,Myeloid sarcoma
289903010,Chloroma
289904016,Granulocytic sarcoma
459741000006115,APL - Acute promyelocytic leukaemia
289911017,Other myeloid leukaemia NOS
289912012,Myeloid leukaemia NOS
289917018,Monocytic leukaemia
289919015,Monoblastic leukaemia
2534415018,Acute monocytic leukaemia
289923011,Chronic monocytic leukaemia
289924017,Subacute monocytic leukaemia
289926015,Other monocytic leukaemia
289930017,Other monocytic leukaemia NOS
289933015,Monocytic leukaemia NOS
289934014,Other specified leukaemia
456641000006119,Acute erythraemia and erythroleukaemia
201658011,Di Guglielmo's disease
554151000006112,Polycythaemia vera (clinical)
819461000006112,Heilmeyer - Schoner disease
289949018,Megakaryocytic leukaemia
289948014,Thrombocytic leukaemia
716871000006112,Mast cell leukaemia
133678011,Acute panmyelosis
344846014,Acute myelofibrosis
1815691000006116,Myelodysplastic/myeloproliferative disease
289955011,Other and unspecified leukaemia
731621000006113,Lymphosarcoma cell leukaemia
289959017,Other and unspecified leukaemia NOS
289960010,Other specified leukaemia NOS
289963012,Leukaemia of unspecified cell type
289964018,Acute leukaemia
289967013,Chronic leukaemia
289968015,Subacute leukaemia
289971011,Other leukaemia of unspecified cell type
289972016,Leukaemia
289974015,Myelomonocytic leukaemia
458201000006115,M4 - Acute myelomonocytic leukaemia
474077018,Chronic myelomonocytic leukaemia
289980011,Subacute myelomonocytic leukaemia
727811000006111,Malignant neoplasm lymphatic or haematopoietic tissue OS
2645960018,Myeloproliferative disorder
683351000006111,Myeloproliferative disease
450987014,Myelosclerosis with myeloid metaplasia
289987014,Malignant neoplasm lymphatic or haematopoietic tissue NOS
173950019,Kaposi's sarcoma of lymph nodes
292097018,[X]Additional neoplasm classification terms
396301000006110,"[X]Malignant neoplasm of lip, oral cavity and pharynx"
292099015,Malignant tumour of digestive organ
292101010,Liver carcinoma
292102015,"[X]Malignant neoplasm of intestinal tract, part unspecified"
396651000006117,Malignant neoplasm of gastrointestinal tract
396381000006118,[X]Malignant neoplasm of respiratory and intrathoracic organs
292105018,Malignant neoplasm of bronchus or lung
396561000006116,"[X]Malignant neoplasm/overlap lesion/heart,mediastinm+pleura"
396191000006117,[X]Malignant neopl/overlapping les/resp+intrathoracic organs
396511000006119,[X]Malignant neoplasm/ill-defined sites within resp system
292110019,Malignant tumour of mediastinum
292111015,Malignant neoplasm of skeletal system
396481000006110,Malignant neoplasm of bone and articular cartilage of limb
396551000006118,Overlapping malignant neoplasm of bone and articular cartilage
396471000006112,"[X]Malignant neoplasm/bone+articular cartilage, unspecified"
292116013,[X]Melanoma and other malignant neoplasms of skin
396171000006118,[X]Malignant melanoma of other+unspecified parts of face
292118014,"[X]Malignant melanoma of skin, unspecified"
292121011,[X]Malignant neoplasm of mesothelial and soft tissue
403762019,"Mesothelioma (malignant, clinical disorder)"
398291000006110,[X]Mesothelioma of lung
292126018,"Cancer, mesothelioma"
292128017,"[X]Kaposi's sarcoma, unspecified"
396601000006116,Malignant neoplasm of peripheral nerves of trunk
292132011,"[X]Malignant neoplasm of peritoneum, unspecified"
396091000006118,"[X]Mal neoplasm/connective+soft tissue of trunk,unspecified"
396501000006117,"[X]Malignant neoplasm/connective + soft tissue,unspecified"
292135013,Overlapping malignant neoplasm of skin
292136014,Kaposi's sarcoma (clinical)
292137017,Malignant tumour of breast
292138010,[X]Malignant neoplasm of female genital organs
292139019,"[X]Malignant neoplasm of uterine adnexa, unspecified"
396531000006113,Malignant tumor of female genital organ
292142013,"[X]Malignant neoplasm of female genital organ, unspecified"
292143015,Malignant tumour of male genital organ
396541000006115,[X]Malignant neoplasm/other specified male genital organs
292146011,"[X]Malignant neoplasm of male genital organ, unspecified"
292147019,[X]Malignant neoplasm of urinary tract
292148012,Malignant neoplasm of urinary organ
396251000006115,Malignant neoplasm of central nervous system
396521000006110,Malignant tumour of cranial nerve
396491000006113,Malignant neoplasm of central nervous system
292152012,Malignant tumour of meninges
396161000006113,Overlapping malignant neoplasm of brain and other parts of the central nervous system
292154013,Malignant neoplasm of endocrine gland
292156010,Malignant neoplasm of endocrine gland
396281000006111,"[X]Malignant neoplasm of ill-defined, secondary and unspecified sites"
292158011,[X]Malignant neoplasm of other specified sites
396571000006111,Overlapping malignant neoplasm of ill-defined site
359291000006111,Secondary malignant neoplasm of lymph nodes of multiple sites
425771000006113,Secondary malignant neoplasm of respiratory tract
425781000006111,Secondary malignant neoplasm of gastrointestinal tract
359271000006110,Secondary malignant neoplasm of urinary system
359281000006113,Secondary malignant neoplasm of nervous system
292165015,[X]Secondary malignant neoplasm of other specified sites
292166019,[X]Malignant neoplasm without specification of site
396621000006114,"[X]Malignant neoplasms of lymphoid, haematopoietic and related tissue"
292169014,[X]Other Hodgkin's disease
292170010,[X]Other types of follicular non-Hodgkin's lymphoma
292173012,[X]Other types of diffuse non-Hodgkin's lymphoma
292174018,[X]Other specified types of non-Hodgkin's lymphoma
292175017,Malignant immunoproliferative disease (clinical)
292177013,[X]Other lymphoid leukaemia
292178015,[X]Other myeloid leukaemia
292181013,[X]Other monocytic leukaemia
292182018,[X]Other specified leukaemias
292185016,[X]Other leukaemia of unspecified cell type
396101000006112,Malignant tumour of lymphoid haemopoietic and related tissue
292191019,Diffuse non-Hodgkin's lymphoma
292193016,[X]Unspecified B-cell non-Hodgkin's lymphoma
406154013,Non-Hodgkin's lymphoma (clinical)
400011000006119,[X]Non-Hodgkin's lymphoma NOS
396631000006112,[X]Malignant neoplasms/independent (primary) multiple sites
396641000006119,[X]Malignant neoplasms/independent(primary)multiple sites