medcodeid,pvd_term
105536013,Intermittent claudication
1548341000006118,Percutaneous transluminal insertion of stent femoral artery
1715241000006112,Vascular claudication
17311000006112,Other replacement aneurysmal femoral artery by anastomosis
173401000006114,Replace aneurys fem art by fem/peron a anast c vein graf NEC
173421000006116,Replace aneurys pop art by pop/peron a anast c vein graf NEC
173481000006117,Replace aneurysm com iliac a by aorta/com iliac a anast NEC
173491000006119,Replace aneurysm fem art by fem/peron art anast c prosth NEC
173501000006110,Replace aneurysm fem art by fem/pop a anast c vein graft NEC
17351000006113,Other replacement of aneurysmal femoral/popliteal artery NOS
173511000006113,Replace aneurysm fem art by fem/pop art anastom c prosth NEC
173521000006117,Replace aneurysm fem art by fem/tib a anast c vein graft NEC
173531000006119,Replace aneurysm fem art by fem/tib art anast c prosth NEC
173541000006112,Replace aneurysm fem artery by fem/fem art anastomosis NEC
173551000006114,Replace aneurysm iliac art by aorta/ext iliac art anast NEC
173561000006111,Replace aneurysm iliac artery by iliac/iliac art anast NEC
173571000006116,Replace aneurysm leg artery by aorta/com fem art anast NEC
173581000006118,Replace aneurysm leg artery by aorta/sup fem art anast NEC
173591000006115,Replace aneurysm pop art by pop/peron art anast c prosth NEC
173601000006111,Replace aneurysm pop art by pop/pop a anast c vein graft NEC
17361000006110,Other replacement of aneurysmal femoral/popliteal artery OS
173611000006114,Replace aneurysm pop art by pop/pop art anastom c prosth NEC
173621000006118,Replace aneurysm pop art by pop/tib a anast c vein graft NEC
173631000006115,Replace aneurysm pop art by pop/tib art anast c prosth NEC
173641000006113,Replace aneurysm popliteal artery by pop/fem anastomosis NEC
173661000006112,Replace aneurysmal iliac art by iliac/femoral art anast NEC
173671000006117,Replace aneurysmal iliac artery by fem/fem artery anast NEC
1767701000006110,Bypass aorta anastomosis axillary artery bi femoral arteries
1847121000006114,Peripheral arterial disease
201761000006112,Profundoplasty and patch repair of popliteal artery
201771000006117,Profundoplasty femoral artery & patch repair deep fem artery
2377871000000112,Ischaemic foot pain at rest
2377911000000114,Ischaemic foot pain when walking
238621000006112,Percut translum thrombolysis femoral graft streptokinase
239491000006117,Percutaneous transluminal angioplasty of popliteal artery
271842015,Other specified replacement of aneurysmal iliac artery
271843013,Replacement of aneurysmal iliac artery NOS
271865013,Emergency bypass of iliac artery by unspecified anastomosis
271867017,Other specified other bypass of iliac artery
271868010,Other bypass of iliac artery NOS
271880019,Other specified reconstruction of iliac artery
271881015,Reconstruction of iliac artery NOS
271891014,Operation on aneurysm of iliac artery NEC
271895017,Other specified other open operation on iliac artery
271896016,Other open operation on iliac artery NOS
271900018,Percutaneous transluminal angioplasty of iliac artery
271901019,Percutaneous transluminal embolectomy of iliac artery
271905011,Insertion of iliac artery stent
271907015,Other specified transluminal operation on iliac artery
271908013,Transluminal operation on iliac artery NOS
272003016,Other bypass of femoral artery or popliteal artery NOS
272013012,Endarterectomy of femoral artery NEC
272014018,Endarterectomy of popliteal artery NEC
272017013,Profundoplasty of femoral artery NEC
272018015,Profundoplasty of popliteal artery NEC
272019011,Reconstruction of femoral artery with vein graft
272020017,Reconstruction of popliteal artery with vein graft
272022013,Reconstruction of femoral or popliteal artery NOS
272029016,Repair of femoral artery NEC
272030014,Repair of popliteal artery NEC
272032018,Open thrombectomy of femoral artery
272034017,Open thrombectomy of popliteal artery
272036015,Ligation of aneurysm of popliteal artery
272037012,Operation on aneurysm of femoral artery NEC
272052017,Percutaneous transluminal angioplasty of femoral artery
280561000006111,Non-insulin-dependent d m with peripheral angiopath
281211000006117,Non-insulin dependent diabetes mellitus with gangrene
292523015,Diabetes mellitus NOS with peripheral circulatory disorder
292541011,Type 1 diabetes mellitus with gangrene
292543014,Type I diabetes mellitus with gangrene
292582011,Type II diabetes mellitus with gangrene
292583018,Type 2 diabetes mellitus with gangrene
300433019,Extremity artery atheroma
300434013,Extremity artery atheroma NOS
300510018,Other specified peripheral vascular disease
300511019,Peripheral angiopathic disease EC NOS
300550015,Peripheral arterial embolism and thrombosis NOS
300963017,[X]Other specified peripheral vascular diseases
300970017,[X]Peripheral angiopathy in diseases classified elsewhere
302011,Diabetic peripheral angiopathy
309177010,Ischaemic ulcer diabetic foot
31351000006112,Other emergency bypass of femoral or popliteal artery NOS
31361000006114,Other emergency bypass of femoral or popliteal artery OS
317347010,[D]Gangrene of toe in diabetic
317348017,[D]Widespread diabetic foot gangrene
32181000006113,Other emerg bypass femoral or popliteal art by anastomosis
349652010,Reconstruction of common iliac artery
349661010,Other bypass of superficial femoral artery
349662015,Other bypass of popliteal artery
349663013,Other bypass of femoral artery
349664019,Other bypass of deep femoral artery
349665018,Other bypass of common femoral artery
349666017,Other bypass of femoral or popliteal artery by anastomosis
349667014,Other emergency bypass of femoral artery
349668016,Other emergency bypass of superficial femoral artery
349669012,Other emergency bypass of popliteal artery
349670013,Other emergency bypass of deep femoral artery
349671012,Other emergency bypass of common femoral artery
349674016,Emergency replacement of aneurysmal popliteal artery
349675015,Emergency replacement of aneurysmal deep femoral artery
349676019,Emergency replacement of aneurysmal common femoral artery
349677011,Other bypass of iliac artery by anastomosis
349717014,Replacement of aneurysmal iliac artery by anastomosis
350533013,Peripheral ischaemia
350535018,Peripheral ischaemic vascular disease
3532661000006118,IC - Intermittent claudication
357895013,Ischaemic leg ulcer
36061000006118,Other bypass of femoral artery or popliteal artery OS
394322012,Replacement of aneurysmal iliac artery
394323019,Other bypass of iliac artery
394328011,Iliac endarterectomy and patch
394329015,Endarterectomy of iliac artery NEC
394333010,Transluminal operations on iliac artery
394337011,Other replacement of aneurysmal femoral artery
394338018,Other emergency bypass of femoral artery or popliteal artery
394339014,Other bypass of femoral artery or popliteal artery
395791015,Other peripheral vascular disease
410964019,Endarterectomy and patch repair of common iliac artery
410965018,Endarterectomy of common iliac artery NEC
410968016,Transluminal operations on common iliac artery
410969012,Other replacement of aneurysmal superficial femoral artery
410970013,Other replacement of aneurysmal common femoral artery
410972017,Other replacement of aneurysmal deep femoral artery
410973010,Other replacement of aneurysmal popliteal artery
410982016,Transluminal procedure on superficial femoral artery
410983014,Transluminal procedure on common femoral artery
410984015,Transluminal procedure on deep femoral artery
410985019,Transluminal procedure on popliteal artery
410986018,Transluminal procedure on femoral artery
411512011,Claudication
4392221000006118,Peripheral angiopathy due to diabetes mellitus
443199013,Ischaemic foot
450665015,Ischaemic toe
451376017,H/O: Peripheral vascular disease procedure
455900010,Open insertion of iliac artery stent
455901014,Percutaneous transluminal insertion of iliac artery stent
459306016,Type II diabetes mellitus with peripheral angiopathy
459308015,Type 2 diabetes mellitus with peripheral angiopathy
530091000006111,Bypass common iliac artery by aorta/com iliac art anast NEC
530111000006119,Bypass femoral artery by fem/peron a anast c prosthesis NEC
530121000006110,Bypass femoral artery by fem/peron a anast c vein graft NEC
530131000006113,Bypass femoral artery by fem/pop art anast c prosthesis NEC
530141000006115,Bypass femoral artery by fem/pop art anast c vein graft NEC
530151000006118,Bypass femoral artery by fem/tib art anast c prosthesis NEC
530161000006116,Bypass femoral artery by fem/tib art anast c vein graft NEC
530171000006111,Bypass femoral artery by femoral/femoral art anastomosis NEC
530181000006114,Bypass iliac artery by aorta/ext iliac art anastomosis NEC
530191000006112,Bypass iliac artery by femoral/femoral art anastomosis NEC
530201000006110,Bypass iliac artery by iliac/femoral artery anastomosis NEC
530211000006113,Bypass iliac artery by iliac/iliac artery anastomosis NEC
530221000006117,Bypass leg artery by aorta/com femoral art anastomosis NEC
530231000006119,Bypass leg artery by aorta/deep femoral art anastomosis NEC
530781000006110,Bypass popliteal art by pop/peron art anast c vein graft NEC
530791000006113,Bypass popliteal artery by pop/fem artery anastomosis NEC
530801000006114,Bypass popliteal artery by pop/peron art anast c prosth NEC
530811000006112,Bypass popliteal artery by pop/pop a anast c prosthesis NEC
530821000006116,Bypass popliteal artery by pop/pop a anast c vein graft NEC
530831000006118,Bypass popliteal artery by pop/tib a anast c prosthesis NEC
530841000006111,Bypass popliteal artery by pop/tib a anast c vein graft NEC
5568871000006110,Emergency femorofemoral prosthetic crossover graft
616351000006115,Diabetes mellitus with gangrene
616441000006113,Diabetes mellitus with peripheral circulatory disorder
616561000006113,"Diabetes mellitus, adult with gangrene"
616581000006115,"Diabetes mellitus, adult, + peripheral circulatory disorder"
616591000006117,"Diabetes mellitus, juvenile +peripheral circulatory disorder"
616831000006118,Diabetes with gangrene
639391000006112,Emerg bypass comm iliac art by aorta/com iliac art anast NEC
639401000006114,Emerg bypass fem art by fem/peron a anast c vein graft NEC
639411000006112,Emerg bypass femoral art by fem/peron art anast c prosth NEC
639421000006116,Emerg bypass femoral art by fem/pop a anast c vein graft NEC
639431000006118,Emerg bypass femoral art by fem/pop art anast c prosth NEC
639441000006111,Emerg bypass femoral art by fem/tib a anast c vein graft NEC
639451000006113,Emerg bypass femoral art by fem/tib art anast c prosth NEC
639461000006110,Emerg bypass femoral artery by fem/fem art anastomosis NEC
639471000006115,Emerg bypass iliac art by iliac/femoral art anastomosis NEC
639481000006117,Emerg bypass iliac artery by aorta/ext iliac art anast NEC
639491000006119,Emerg bypass iliac artery by femoral/femoral art anast NEC
639501000006110,Emerg bypass iliac artery by iliac/iliac art anastomosis NEC
639521000006117,Emerg bypass leg artery by aorta/com fem art anastomosis NEC
639531000006119,Emerg bypass leg artery by aorta/deep fem anastomosis NEC
639541000006112,Emerg bypass pop art by pop/peron art anast c vein graft NEC
639551000006114,Emerg bypass pop art by pop/pop art anast c vein graft NEC
639561000006111,Emerg bypass pop art by pop/tib art anast c vein graft NEC
639571000006116,Emerg bypass popliteal art by pop/peron a anast c prosth NEC
639581000006118,Emerg bypass popliteal art by pop/pop art anast c prosth NEC
639591000006115,Emerg bypass popliteal art by pop/tib art anast c prosth NEC
639601000006111,Emerg bypass popliteal artery by pop/fem art anastomosis NEC
639661000006112,Emerg replace aneur fem art by fem/peron a anast c vein graf
639671000006117,Emerg replace aneur pop art by pop/peron a anast c vein graf
639681000006119,Emerg replace aneurys com iliac a by aorta/com iliac a anast
639691000006116,Emerg replace aneurys fem art by fem/tib a anast c vein graf
639701000006116,Emerg replace aneurys iliac art by aorta/ext iliac art anast
639711000006118,Emerg replace aneurys pop art by pop/pop a anast c vein graf
639741000006119,Emerg replace aneurysm fem art by fem/peron a anast c prosth
639751000006117,Emerg replace aneurysm fem art by fem/pop anast c vein graft
639761000006115,Emerg replace aneurysm fem art by fem/pop art anast c prosth
639771000006110,Emerg replace aneurysm fem artery by fem/fem art anastomosis
639781000006113,Emerg replace aneurysm femoral art by fem/tib a anast c pros
639791000006111,Emerg replace aneurysm iliac art by iliac/femoral art anast
639801000006112,Emerg replace aneurysm iliac artery by iliac/iliac art anast
639821000006119,Emerg replace aneurysm leg artery by aorta/com fem art anast
639831000006116,Emerg replace aneurysm leg artery by aorta/sup fem art anast
639841000006114,Emerg replace aneurysm pop art by pop/peron a anast c prosth
639851000006111,Emerg replace aneurysm pop art by pop/pop art anast c prosth
639861000006113,Emerg replace aneurysm pop art by pop/tib anast c vein graft
639871000006118,Emerg replace aneurysm pop art by pop/tib art anast c prosth
639881000006115,Emerg replace aneurysm pop artery by pop/fem art anastomosis
639911000006115,Emerg replace aneurysmal iliac artery by fem/fem art anast
639921000006111,Emerg replacement aneurysmal femoral/popl art by anastomosis
640081000006119,Emergency femoro-femoral prosthetic cross over graft
640131000006119,Emergency replacement aneurysmal femoral/popliteal art NOS
640141000006112,Emergency replacement aneurysmal femoral/popliteal artery OS
640151000006114,Emergency replacement aneurysmal superficial femoral artery
640181000006118,Emergency replacement of aneurysmal femoral/popliteal artery
641681000006116,Endarterectomy and patch repair of femoral artery
641691000006118,Endarterectomy and patch repair of iliac artery
641701000006118,Endarterectomy and patch repair of popliteal artery
6632251000006115,Peripheral angiopathy
668731000006114,Femoro-femoral prosthetic cross over graft
668741000006116,Femoro-femoral prosthetic cross over graft
674961000006118,NIDDM with peripheral circulatory disorder
7347571000006118,Bypass of iliac artery by anastomosis of iliac artery to iliac artery
742481000006118,Ischaemia of legs
771351000006111,Insulin dependent diabetes mellitus with gangrene
772141000006118,Insulin dependent diab mell with peripheral angiopathy
785611000006113,Ilio-femoral prosthetic cross over graft
787101000006114,IDDM with peripheral circulatory disorder
84331000006112,Type 1 diabetes mellitus with gangrene
84411000006111,Type 1 diabetes mellitus with peripheral angiopathy
84511000006112,Type 2 diabetes mellitus with gangrene
84591000006119,Type 2 diabetes mellitus with peripheral angiopathy
84701000006115,Type I diabetes mellitus with gangrene
84781000006112,Type I diabetes mellitus with peripheral angiopathy
84881000006119,Type II diabetes mellitus with gangrene
84961000006116,Type II diabetes mellitus with peripheral angiopathy
89891000006117,Transluminal operation on femoral or popliteal artery NOS
89901000006118,Transluminal operation on femoral or popliteal artery OS
90051000006113,Transluminal operations on femoral or popliteal artery
913621000006112,Insulin dependent diabetes mellitus with gangrene
913921000006119,Insulin dependent diab mell with peripheral angiopathy
913931000006116,Type 1 diabetes mellitus with peripheral angiopathy
913941000006114,Type I diabetes mellitus with peripheral angiopathy
931881000006115,Angioplasty of femoral artery
12704411000006113,Peripheral circulatory disorder associated with diabetes mellitus
13791000006111,Other specified diabetes mellitus with periph circ comps
14071551000006111,Ischaemic ulcer of foot due to diabetes mellitus
14083841000006119,Gangrene due to type 1 diabetes mellitus
235911000006116,Peripheral vascular disease
300514010,Other specified peripheral vascular disease NOS
300515011,Peripheral vascular disease NOS
5057951000006115,Arterial ischaemia
5057981000006111,Peripheral ischemic vascular disease
5058071000006110,Lower limb ischaemia
5058081000006113,Lower limb ischemia
5058091000006111,Ischemic leg
5058111000006119,Critical lower limb ischaemia
5058121000006110,Critical lower limb ischemia
5886711000006111,Ischaemia of feet
6021731000006115,Critical ischaemia of foot
6021741000006113,Critical ischemia of foot
6633851000006110,PVD-peripheral vascular disease
6961081000006118,Gangrene associated with type 1 diabetes mellitus
7482951000006115,History of peripheral vascular disease
881511000006113,Diabetes + periph.circulat.dis