medcodeid,cvd_term
4031011,old myocardial infarction
4032016,healed myocardial infarction
7844010,preinfarction syndrome
7845011,unstable angina
7847015,crescendo angina
22740018,aneurysm of iliac artery
32122016,status anginosus
37443015,heart attack
59952018,nocturnal angina
80421013,aneurysm of popliteal artery
87208017,thromboangiitis obliterans
87210015,buerger's disease
94884017,acute myocardial infarction
98087016,angina decubitus
109915012,post-myocardial infarction syndrome
116992017,acute subendocardial infarction
133518010,gas gangrene
144819018,variant angina pectoris
151487012,aneurysm of femoral artery
208365015,postoperative myocardial infarction
216185010,peripheral vascular disease monitoring
251679016,h/o: angina pectoris
256133012,o/e - gangrene
256452010,ecg: myocardial infarction
256454011,ecg: old myocardial infarction
256455012,ecg: antero-septal infarct.
256457016,ecg:posterior/inferior infarct
256459018,ecg: lateral infarction
256460011,ecg: myocardial infarct nos
264492012,angina control
264493019,angina control - good
264494013,angina control - poor
264495014,angina control - improving
264496010,angina control - worsening
264497018,angina control nos
264500012,chd monitoring
271431019,other bypass of bifurcation of aorta
271444012,other specified other bypass of bifurcation of aorta
271445013,other bypass of bifurcation of aorta nos
272031013,open embolectomy of femoral artery
272035016,open embolectomy popliteal artery
272038019,operation on popliteal artery nec
272041011,repair of femoral artery with temporary silastic shunt
272042016,repair of popliteal artery with temporary silastic shunt
272055015,percutaneous transluminal embolectomy of femoral artery
272056019,percutaneous transluminal embolectomy of popliteal artery
272059014,percutaneous transluminal embolisation of femoral artery
272061017,percutaneous transluminal embolisation of popliteal artery
272066010,arteriography of popliteal artery
272071015,other specified operations on iliac and femoral artery
272076013,revision of reconstruction involving iliac artery
272077016,revision of reconstruction involving femoral artery
272078014,revision of reconstruction of popliteal artery
279423010,deep circumflex iliac artery flap
286566010,gas gangrene-hand
286569015,gas gangrene-leg
286570019,gas gangrene-foot
299707016,acute anterior myocardial infarction
299709018,anterior myocardial infarction nos
299710011,acute posterior myocardial infarction
299711010,acute lateral myocardial infarction
299712015,true posterior myocardial infarction
299714019,acute myocardial infarction of inferior wall
299718016,other acute myocardial infarction
299720018,other acute myocardial infarction nos
299721019,acute myocardial infarction nos
299723016,other acute and subacute ischaemic heart disease
299741012,preinfarction syndrome
299745015,acute coronary insufficiency
299750014,other acute and subacute ischaemic heart disease nos
299757012,angina pectoris
299763015,angina decubitus nos
299765010,angina pectoris nos
299776014,chronic ischaemic heart disease
299800012,other specified chronic ischaemic heart disease
299804015,other specified chronic ischaemic heart disease nos
299805019,other chronic ischaemic heart disease nos
299808017,subsequent myocardial infarction
299811016,subsequent myocardial infarction of anterior wall
299812011,subsequent myocardial infarction of inferior wall
299813018,subsequent myocardial infarction of other sites
299834013,other specified ischaemic heart disease
299835014,ischaemic heart disease nos
300277011,"intracerebral haemorrhage, intraventricular"
300287010,intracerebral haemorrhage nos
300303013,basilar artery occlusion
300309012,vertebral artery occlusion
300310019,multiple and bilateral precerebral arterial occlusion
300312010,cerebral infarct due to thrombosis of precerebral arteries
300313017,cerebral infarction due to embolism of precerebral arteries
300321011,cerebral infarction due to thrombosis of cerebral arteries
300407010,sequelae of intracerebral haemorrhage
300460014,aneurysm of common iliac artery
300463011,aneurysm of external iliac artery
300464017,aneurysm of internal iliac artery
300466015,aneurysm of iliac artery nos
300503012,thromboangiitis obliterans nos
300504018,peripheral gangrene
300505017,gangrene of toe
300506016,gangrene of foot
300509011,gangrene of hand
300539018,embolism and thrombosis of the femoral artery
300540016,embolism and thrombosis of the popliteal artery
300553018,embolism and/or thrombosis of the common iliac artery
300554012,embolism and/or thrombosis of the internal iliac artery
300555013,embolism and/or thrombosis of the external iliac artery
300556014,embolism and thrombosis of the iliac artery unspecified
300607015,arterial insufficiency
300874013,[x]other forms of angina pectoris
300876010,[x]other forms of acute ischaemic heart disease
300879015,[x]other forms of chronic ischaemic heart disease
300881018,[x]subsequent myocardial infarction of other sites
300882013,[x]subsequent myocardial infarction of unspecified site
300956017,"[x]intracerebral haemorrhage in hemisphere, unspecified"
317343014,[d]gangrene
317344015,"[d]gangrene, spreading cutaneous"
350348018,stable angina
350350014,new onset angina
350376014,silent myocardial infarction
350564010,aortoiliac obstruction
357894012,arterial leg ulcer
375462013,claudication distance
394321017,iliac and femoral artery operations
394326010,reconstruction of iliac artery
394330013,other open operations on iliac artery
394331012,repair of iliac artery
394332017,open embolectomy of iliac artery
394335015,arteriography of iliac artery
394340011,reconstruction of femoral artery or popliteal artery
394341010,other open operations on femoral artery or popliteal artery
394345018,arteriography of femoral artery
395337016,gas gangrene caused by clostridium histolyticum
395338014,gas gangrene caused by clostridium oedematiens
395340016,gas gangrene caused by clostridium perfringens
395341017,gas gangrene caused by clostridium welchii
410962015,dacron aortoiliac y graft
410966017,other open operations on common iliac artery
410967014,repair of common iliac artery
410974016,reconstruction of popliteal artery
410975015,reconstruction of deep femoral artery
410976019,reconstruction of common femoral artery
410977011,reconstruction of femoral artery
410979014,other open operations on popliteal artery
411078012,reconstruction of superficial femoral artery
411214011,open embolectomy of common iliac artery
411416011,stroke in the puerperium
411904010,aspirin prophylaxis for ischaemic heart disease
413750011,central post-stroke pain
442204010,angina on effort
447324018,acute q-wave infarct
449935012,admission to stroke unit
451369010,h/o: myocardial infarction in last year
451370011,h/o: angina in last year
451372015,h/o: treatment for ischaemic heart disease
455422014,postoperative subendocardial myocardial infarction
455423016,"postoperative myocardial infarction, unspecified"
455424010,ruptured popliteal artery aneurysm
458410010,post infarct angina
458505013,iliac artery occlusion
458506014,femoral artery occlusion
458507017,popliteal artery occlusion
459483011,coronary heart disease monitoring refused
459487012,refractory angina
459859010,asymptomatic coronary heart disease
460133017,coronary heart disease annual review
460687010,history of placement of stent for coronary artery disease
493423011,pulp gangrene
494261017,worsening angina
498328016,angina at rest
502878012,cerebellar haemorrhage
1212072018,occlusive stroke
1229885017,microinfarction of heart
1234005010,acute inferoposterior infarction
1234306015,acute septal infarction
1235225010,prinzmetal's angina
1484833014,coronary heart disease review
1484939014,coronary heart disease monitoring administration
1488382011,acute coronary syndrome
1488440011,coronary heart disease medication review
1780442013,attends coronary heart disease monitoring
1780447019,coronary heart disease monitoring verbal invitation
1780448012,coronary heart disease monitoring deleted
1780491019,acute st segment elevation myocardial infarction
1780501013,acute non-st segment elevation myocardial infarction
1780517019,coronary heart disease monitoring default
1780518012,coronary heart disease monitoring check done
1786197015,coronary thrombosis
1786198013,thrombosis - coronary
2476091017,h/o: stroke
2534664018,ischaemic heart disease
2536395017,coronary artery disease
2537480011,ihd - ischaemic heart disease
2548554013,haemorrhagic stroke monitoring
3505637014,occlusion of left middle cerebral artery
3505639012,occlusion of right middle cerebral artery
3505651014,occlusion of left posterior cerebral artery
3508952018,cerebrovascular accident due to thrombus of left carotid artery
3508955016,cerebrovascular accident due to thrombus of basilar artery
3508956015,stroke due to basilar artery thrombus
3508958019,cerebrovascular accident due to thrombus of right carotid artery
3508961018,cerebrovascular accident due to thrombus of right middle cerebral artery
3508962013,stroke due to thrombus of right middle cerebral artery
3508964014,cerebrovascular accident due to thrombus of left middle cerebral artery
3508965010,stroke due to thrombus of left middle cerebral artery
3509777019,cerebrovascular accident due to occlusion of left pontine artery
3509790014,cerebrovascular accident due to occlusion of right posterior cerebral artery
3509794017,cerebrovascular accident due to occlusion of left middle cerebral artery
3509799010,cerebrovascular accident due to occlusion of left posterior cerebral artery
3509810017,cerebrovascular accident due to occlusion of right middle cerebral artery
3509817019,left hemispheric cerebellar artery embolism with stroke
3636133016,cerebrovascular accident due to occlusion of right middle cerebral artery by embolus
3636969013,occlusion of right middle cerebral artery by embolus
24561000006118,other open operation on femoral or popliteal artery nos
24571000006113,other open operation on femoral or popliteal artery os
39111000006114,other acute and subacute ischaemic heart disease
67081000006119,ventricular septal defect as current complication following acute myocardial infarction
72571000006115,unstable angina
90731000000111,refuses coronary heart disease monitoring
100681000006116,"thrombosis of atrium, auricular appendage, and ventricle as current complications following acute myocardial infarction"
118831000006118,subsequent myocardial infarction of unspecified site
122401000006115,stroke unspecified
149571000006118,"sequelae of stroke,not specfd as h'morrhage or infarction"
158601000006116,rupture of cardiac wall without haemopericardium as current complication following acute myocardial infarction
158611000006118,rupture of chordae tendinae as current complication following acute myocardial infarction
159001000006119,rupture of papillary muscle as current complication following acute myocardial infarction
163261000006119,"right sided intracerebral haemorrhage, unspecified"
173461000006110,replacement of aneurysmal bifurcation of aorta by anastomosis of aorta to femoral artery
173471000006115,replacement of aneurysmal bifurcation of aorta by anastomosis of aorta to iliac artery
187331000006112,reconstruction of femoral or popliteal artery os
212061000006119,postoperative transmural myocardial infarction of anterior wall
212071000006114,postoperative transmural myocardial infarction of inferior wall
212081000006112,postoperative transmural myocardial infarction other sites
212091000006110,postoperative transmural myocardial infarction unspec site
219521000000119,attack - heart
219531000000117,mi - acute myocardial infarction
230021000006115,personal history of myocardial infarction
236331000000111,stroke/transient ischaemic attack monitoring administration
359231000000117,endovascular stenting of aorto-uniiliac aneurysm
362461000006119,[x]acute transmural myocardial infarction of unspecif site
394541000006112,[x]ischaemic heart diseases
406961000000113,coronary heart disease monitoring telephone invite
408571000006116,[x]other current complicatns following acute myocard infarct
426321000006116,"[x]sequelae of stroke,not specfd as h'morrhage or infarction"
455641000006112,acute anterolateral myocardial infarction
455651000006114,acute anteroseptal myocardial infarction
457531000006110,acute inferolateral myocardial infarction
460681000006116,acute transmural myocardial infarction of unspecif site
482811000006113,angina at rest
482941000006119,angina pectoris nos
482961000006115,anginal control: no attacks
488231000000113,endovascular stenting for aorto-uniiliac aneurysm
491481000006111,arteriography of common iliac artery
491511000006115,arteriography of popliteal artery
496991000006111,atherosclerotic cardiovascular disease
498031000006112,atrial septal defect as current complication following acute myocardial infarction
530051000006117,bypass aorta by anastomosis axillary to femoral artery nec
530061000006115,bypass of bifurcation of aorta by anastomosis of aorta to femoral artery
530071000006110,bypass of bifurcation of aorta by anastomosis of aorta to iliac artery
537751000006115,cardiac rupture after acute myocardial infarction
543291000006110,myocardial infarction with complication
585631000000113,emergency hospital admission for ischaemic heart disease
605481000006110,cva - cerebrovascular accident in the puerperium
605491000006113,cva - cerebrovascular accident
605501000006117,cva unspecified
616081000006113,diabetes mellitus insulin-glucose infusion in acute myocardial infarction
639341000006115,emergency bypass of aorta by anastomosis of axillary artery to femoral artery
639371000006111,emergency bypass of bifurcation of aorta by anastomosis of aorta to femoral artery
639381000006114,emergency bypass of bifurcation of aorta by anastomosis of aorta to iliac artery
639641000006113,emergency replacement of aneurysmal bifurcation of aorta by anastomosis of aorta to femoral artery
639651000006110,emergency replacement of aneurysmal bifurcation of aorta by anastomosis of aorta to iliac artery
741071000000112,peripheral vascular disease monitoring invitation
744901000006114,intracerebral haemorrhage (ich)
744921000006116,"intracerebral haemorrhage in hemisphere, unspecified"
746571000006116,"intracerebral haemorrhage, multiple localized"
748941000006115,"left sided intracerebral haemorrhage, unspecified"
798761000006112,gas gangrene
809421000006116,history of cerebrovascular accident
810811000006116,h/o: myocardial infarct at less than 60
810821000006112,h/o: myocardial infarct at greater than 60
813961000006116,haemopericardium as current complication following acute myocardial infarction
854491000006113,unstable angina
855991000006115,angina control - stable
856011000006116,angina control - unsatisfactory
856511000006113,chd annual review
884141000006116,coronary thrombosis
884151000006119,myocardial infarction
884461000006113,basilar artery occluded
884481000006115,vertebral artery occluded
884511000006111,transient ischaemic attacks
884521000006115,stroke/cva - undefined
884531000006117,stroke
884661000006110,peripheral arterial embolism
905351000006113,[rfc] myocardial infarction (mi)
905381000006117,[rfc] angina
906771000006113,[rfc] peripheral vascular disease
907581000006119,[rfc] stroke/cva
907591000006116,[rfc] stroke
908791000006113,[rfc] coronary heart disease
908801000006114,[rfc] stroke
909171000006115,[rfc] cva
931961000006117,acute coronary syndrome
940051000006114,stroke monitoring administration
940061000006111,stroke monitoring invite 1
940071000006116,stroke monitoring invite 2
940081000006118,stroke monitoring invite 3
967931000006114,acute myocardial infarction of posterolateral wall
986831000006115,stroke/transient ischaemic attack monitoring verbal invitation
988951000006117,transient ischaemic attacks
1142521000000115,coronary heart disease leaflet given
1160471000000111,stroke 6 month review
1539331000006118,h/o: coronary heart disease
1562581000006114,stroke/transient ischaemic attack monitoring telephone invitation
1587791000006117,endovas insertion of stent graft for aorto-uniiliac aneurysm
1667741000000110,[v]personal history of transient ischaemic attack
1696201000006114,peripheral vascular disease annual review
1696211000006112,peripheral vascular disease monitoring administration
1699111000006110,ischaemic foot
1726581000006116,central post-stroke pain
1738171000006114,history of myocardial infarction
1752201000000116,frequency of angina
1773371000006117,cerebrovascular accident care plan
1774801000000114,coronary heart disease care plan
1787251000006117,transient ischaemic attack monitoring
1823891000006113,coronary heart disease confirmed
1823971000006118,peripheral arterial disease confirmed
1856391000006112,coronary heart disease monitoring in primary care
1856401000006114,coronary heart disease monitoring in secondary care
1895641000006114,on coronary heart disease register
2126181000000114,stroke annual review
2127781000000110,stroke initial post discharge review
2173281000000112,h/o acute coronary syndrome
2436731000000112,old cerebral infarction on imaging
2539131000006116,stroke rehabilitation
2571561000006118,pre-infarction syndrome
2634321000006110,embolectomy of femoral artery
2729551000000111,cerebral infarction due to occlusion of cerebral artery
2729571000000119,cerebral infarction due to stenosis of cerebral artery
2729671000000118,acute transmural myocardial infarction
2762941000006113,endarterectomy of femoral artery
2855301000006112,myocardial infarction
2855341000006114,mi - myocardial infarction
2855351000006111,myocardial infarct
2901571000006113,completed stroke
3024781000006112,"past myocardial infarction diagnosed on ecg and/or other special investigation, but currently presenting no symptoms"
3166141000006114,"angina, class ii"
3280921000006115,popliteal artery aneurysm
3371381000006110,cad - coronary artery disease
3371411000006113,chd - coronary heart disease
3371421000006117,coronary heart disease
3381601000006117,acute myocardial infarction of anterior wall
3427201000006111,ami - acute myocardial infarction
3452181000006112,acute myocardial infarction of lateral wall
3458791000006114,anginal chest pain at rest
3459561000006119,acute myocardial infarction of apical-lateral wall
3499001000006116,"angina, class i"
3551171000006114,acute myocardial infarction of high lateral wall
3565871000006113,acute myocardial infarction of inferolateral wall
3576371000006117,postmyocardial infarction syndrome
3641641000006116,acute myocardial infarction of anterolateral wall
3699921000006110,acute inferior myocardial infarction
3719851000006116,cerebellar hemorrhage
3745741000006117,acute myocardial infarction of inferoposterior wall
3807321000006113,embolism of iliac artery
3886751000006118,"angina, class iii"
3919991000006112,prinzmetal angina
3920001000006119,variant angina pectoris
3920011000006116,variant angina
3920021000006112,coronary artery spasm angina
4057041000006110,brain stem stroke
4193641000006111,nonparalytic stroke
4540591000006113,history of transient ischemic attack
4668151000006111,percutaneous embolectomy of femoral artery
4668171000006118,percutaneous embolectomy of popliteal artery
4668191000006117,pc tl embolectomy popliteal artery
4775971000006114,angina
4775981000006112,cardiac angina
4776001000006111,anginal syndrome
4776031000006115,ischaemic heart disease - angina
4776051000006110,single vessel coronary artery disease
4776081000006119,double vessel coronary artery disease
4777861000006119,intracerebral haemorrhage with intraventricular haemorrhage
4777881000006112,"intracerebral haemorrhage, multiple localised"
4778181000006119,left sided cerebral hemisphere cerebrovascular accident
4778201000006118,right sided cerebral hemisphere cerebrovascular accident
5010981000006119,stroke
5011041000006118,anterior cerebral circulation infarction
5011051000006116,total anterior cerebral circulation infarction
5011061000006119,taci - total anterior cerebral circulation infarction
5011071000006114,total anterior cerebral circulation stroke
5011081000006112,tacs - total anterior cerebral circulation stroke
5011091000006110,partial anterior cerebral circulation infarction
5011101000006116,paci - partial anterior cerebral circulation infarction
5011111000006118,partial anterior cerebral circulation stroke
5011121000006114,pacs - partial anterior cerebral circulation stroke
5011131000006112,posterior cerebral circulation infarction
5011141000006119,posterior cerebral circulation stroke
5011191000006111,pure motor lacunar infarction
5011211000006112,pure sensory lacunar infarction
5011291000006119,haemorrhagic cerebral infarction
5011331000006114,anterior cerebral circulation haemorrhagic infarction
5011351000006119,posterior cerebral circulation haemorrhagic infarction
5011451000006114,stroke of uncertain pathology
5011461000006111,anterior circulation stroke of uncertain pathology
5011471000006116,posterior circulation stroke of uncertain pathology
5011491000006115,anterior circulation transient ischaemic attack
5011501000006111,anterior circulation transient ischemic attack
5011521000006118,vertebrobasilar territory transient ischaemic attack
5011541000006113,posterior circulation transient ischemic attack
5011551000006110,posterior circulation transient ischaemic attack
5048911000006115,endarterectomy of common femoral artery
5048921000006111,cfa - endarterectomy of the common femoral artery
5049001000006113,embolectomy of popliteal artery
5049381000006118,embolisation of internal iliac artery
5056201000006111,triple vessel coronary artery disease
5056311000006117,acute q wave infarction - inferior
5056331000006111,acute q wave infarction - inferolateral
5056411000006110,old anterior myocardial infarction
5056421000006119,old inferior myocardial infarction
5056431000006116,old lateral myocardial infarction
5056441000006114,old posterior myocardial infarction
5056461000006113,mi - silent myocardial infarction
5056471000006118,accelerated coronary artery disease in transplanted heart
5126451000006116,ischaemic foot ulcer
5153821000006115,embolectomy of iliac artery
5492201000006111,tia - transient ischaemic attack
5492221000006118,transient ischemic attack
5582311000006110,occipital cerebral infarction
5592751000006111,percutaneous endarterectomy of superficial femoral artery
5649201000006113,extension of cerebrovascular accident
5887611000006117,exercise-induced angina
5887631000006111,exertional angina
5887641000006118,angina of effort
5935321000006111,acute q wave myocardial infarction
5974561000006110,history of treatment for ischaemic heart disease
5994741000006112,stroke unit
6002251000006119,patch repair of femoral artery
6043771000006118,non-q wave myocardial infarction
6053011000006114,refuses chd monitoring
6348291000006115,thrombotic stroke
6348301000006119,embolic stroke
6360351000006112,multi vessel coronary artery disease
6360361000006114,left main coronary artery disease
6360401000006116,recurrent angina after percutaneous transluminal coronary angioplasty
6360421000006114,recurrent angina after coronary stent placement
6360441000006119,recurrent angina after coronary artery bypass graft
6546111000006118,acs - acute coronary syndrome
6546751000006118,first myocardial infarction
6601131000006115,ct - coronary thrombosis
6632221000006112,peripheral arterial occlusive disease
6632271000006113,peripheral artery occlusive disease
6651221000006117,stemi - st elevation myocardial infarction
6651391000006114,nstemi - non-st segment elevation mi
6837051000006119,basal ganglion stroke
6837061000006117,basal ganglion infarct
6841231000006113,acute ischaemic heart disease
6847761000006118,chronic ischemic heart disease
6860251000006115,ischemic heart disease
6860261000006118,ihd - ischemic heart disease
6908391000006111,stroke/transient ischaemic attack monitoring invitation
6990981000006114,ischaemic stroke
6990991000006112,ischemic stroke
7093091000006111,recent myocardial infarction
7105241000006116,typical angina
7108391000006114,ischaemic ulcer of toe
7140321000006119,history of peripheral arterial occlusive disease
7224311000006117,endovascular repair of aneurysm of iliac artery
7475751000006117,ischaemic dilated cardiomyopathy due to coronary artery disease
7510331000006117,history of non-st segment elevation myocardial infarction
7518321000006118,coronary artery disease absent
7519441000006112,cerebrovascular accident annual review
7571581000006113,acute anterior st segment elevation myocardial infarction
7571601000006115,acute stemi (st elevation myocardial infarction) of anterior wall
7572221000006117,subsequent st segment elevation myocardial infarction of inferior wall
7572301000006119,acute myocardial infarction during procedure
7572321000006112,acute st segment elevation myocardial infarction of inferior wall
7572331000006110,acute stemi (st elevation myocardial infarction) of inferior wall
7572341000006117,acute inferior st segment elevation myocardial infarction
7573181000006118,heart failure with reduced ejection fraction due to coronary artery disease
7574041000006111,mitral valve regurgitation due to acute myocardial infarction
7574481000006111,subsequent non-st segment elevation myocardial infarction
7574491000006114,subsequent nstemi (non-st segment elevation myocardial infarction)
7598981000006119,cerebral infarction due to embolism of middle cerebral artery
7599001000006116,cerebral infarction due to thrombosis of middle cerebral artery
7662871000006115,inducible ischaemia manifest on stress test post myocardial infarction
7703511000006110,subacute ischaemic heart disease
7703601000006113,post stroke pain
7839991000006115,silent cerebral infarct
7855631000006111,cerebral ischaemic stroke due to small artery occlusion
7861341000006115,epilepsy due to stroke
7966931000006114,angina associated with type 2 diabetes mellitus
8011371000006117,sequela of ischaemic cerebral infarction
8044221000006116,ischaemic foot ulcer due to type 2 diabetes mellitus
8044481000006118,ischaemic stroke without coma
8079871000006116,coronary heart disease monitoring telephone invitation
8087551000006113,history of acute st segment elevation myocardial infarction
8087751000006116,acute st segment elevation myocardial infarction involving left anterior descending coronary artery
8195431000006118,stroke/cerebrovascular accident 6 month review
8196661000006116,transient ischaemic attack monthly review
8221321000006118,stroke and tia
8231151000006110,personal history of transient ischaemic attack
8274811000006116,stroke medicine
8298661000006115,peripheral vascular disease monitoring verbal invitation
8298671000006110,peripheral vascular disease monitoring telephone invitation
8304051000006113,arterial leg ulcer
8453031000006117,haemorrhagic stroke
8459551000006115,coronary heart disease monitoring invitation
8459561000006118,coronary heart disease monitoring invitation email
9836881000006114,aneurysm of right common iliac artery
9836901000006111,aneurysm of left common iliac artery
9836931000006115,aneurysm of left internal iliac artery
9836971000006117,aneurysm of left popliteal artery
9843961000006118,acute st segment elevation myocardial infarction of anterolateral wall
9843981000006111,acute st segment elevation myocardial infarction of lateral wall
9844011000006119,acute st segment elevation myocardial infarction of posterior wall
9844051000006118,acute st segment elevation myocardial infarction due to right coronary artery occlusion
9868461000006110,unstable angina co-occurrent and due to coronary arteriosclerosis
9868571000006116,mural thrombus of left ventricle following acute myocardial infarction
9874011000006115,gangrene of toe of right foot
9912271000006112,cerebellar stroke
12120191000006118,revision of bypass of femoral artery with anastomosis of femoral artery to femoral artery using prosthesis
12122331000006116,acute st segment elevation myocardial infarction of inferolateral wall
12122341000006114,acute st segment elevation myocardial infarction of inferoposterior wall
12125951000006116,arteriosclerosis of autologous vein coronary artery bypass graft with angina
12126541000006118,bilateral gangrene of toe
12223101000006118,intracerebral haemorrhage
12223111000006115,intracerebral hemorrhage
12223121000006111,ich - intracerebral haemorrhage
12223131000006114,ich - intracerebral hemorrhage
12276271000006112,progressive angina
13717171000006112,cerebrovascular accident due to stenosis of bilateral carotid arteries
13718621000006117,history of cerebrovascular accident due to ischaemia
13909901000006119,cerebral ischaemic stroke co-occurrent with subarachnoid haemorrhage
13930031000006112,delayed postmyocardial infarction pericarditis
13935161000006114,acute myocardial infarction of right ventricle
13935211000006117,acute myocardial infarction of inferolateral wall with posterior extension
13941091000006115,acute st segment elevation myocardial infarction due to proximal left anterior descending coronary artery occlusion
13941141000006111,acute st segment elevation myocardial infarction due to mid left anterior descending coronary artery occlusion
13941161000006110,acute stemi (st elevation myocardial infarction) due to mid lad (left anterior descending) coronary artery occlusion
13941211000006118,acute st segment elevation myocardial infarction due to distal left anterior descending coronary artery occlusion
13941231000006112,acute stemi (st elevation myocardial infarction) due to distal lad (left anterior descending) coronary artery occlusion
13944841000006117,peripheral arterial disease
13944851000006115,peripheral arterial vascular disease
13945211000006116,acute st segment elevation myocardial infarction due to occlusion of anterior descending branch of left coronary artery
13947721000006111,acute st segment elevation myocardial infarction due to occlusion of intermediate artery
13961371000006114,acute st segment elevation myocardial infarction due to occlusion of mid portion of right coronary artery
13961451000006111,acute stemi (st elevation myocardial infarction) due to pda (posterior descending artery) branch of rca (right coronary artery) occlusion
13961461000006113,acute st segment elevation myocardial infarction due to occlusion of posterior lateral branch of right coronary artery
14014251000006116,cerebrovascular accident due to occlusion of bilateral pontine arteries
14015031000006119,myocardial infarction due to demand ischaemia
14015311000006110,coronary artery disease due to type 2 diabetes mellitus
14068071000006114,history of transient ischaemic attack
14132941000006118,myocardial infarction with non-obstructive coronary artery
14182621000006113,cryptogenic stroke
14194651000006114,acute stroke of brainstem