medcodeid,dementia_term
2386018,Jakob-Creutzfeldt disease
21256010,Presenile dementia
22408016,Pick's disease
26545010,Senile dementia
45046017,Alzheimer's disease
51470011,Normal pressure hydrocephalus
149347010,Binswanger's disease
251625013,H/O: dementia
294635013,Uncomplicated senile dementia
294637017,Uncomplicated presenile dementia
294638010,Presenile dementia with delirium
294641018,Presenile dementia with paranoia
294642013,Presenile dementia with depression
294643015,Presenile dementia NOS
294644014,Senile dementia with depressive or paranoid features
294645010,Senile dementia with paranoia
294646011,Senile dementia with depression
294647019,Senile dementia with depressive or paranoid features NOS
294648012,Senile dementia with delirium
294652012,Uncomplicated arteriosclerotic dementia
294653019,Arteriosclerotic dementia with delirium
294654013,Arteriosclerotic dementia with paranoia
294655014,Arteriosclerotic dementia with depression
294656010,Arteriosclerotic dementia NOS
294660013,Senile or presenile psychoses NOS
294688019,Drug-induced dementia
294718018,Dementia in conditions EC
295668011,[X]Dementia in Alzheimer's disease
295671015,"[X]Dementia in Alzheimer's dis, atypical or mixed type"
295672010,"[X]Dementia in Alzheimer's disease, unspecified"
295680015,[X]Other vascular dementia
295680015,[X]Other vascular dementia
295681016,"[X]Vascular dementia, unspecified"
295681016,"[X]Vascular dementia, unspecified"
295684012,[X]Dementia in other diseases classified elsewhere
295685013,[X]Dementia in Pick's disease
295686014,[X]Dementia in Creutzfeldt-Jakob disease
295687017,[X]Dementia in Huntington's disease
295688010,[X]Dementia in Parkinson's disease
295690011,[X]Dementia in other specified diseases classif elsewhere
295714013,[X]Delirium superimposed on dementia
299325013,[X]Other Alzheimer's disease
345092016,Frontotemporal degeneration
346929012,Alcoholic dementia NOS
401760017,Other alcoholic dementia
497559016,Arteriosclerotic dementia
499946014,Alzheimer's disease with early onset
500317011,Alzheimer's disease with late onset
1235534016,Binswanger's encephalopathy
148381000006115,Senile/presenile dementia
294111000000119,Exception reporting: dementia quality indicators
294321000000111,Excepted from dementia quality indicators: Informed dissent
299641000000112,[X]Lewy body dementia
359081000006118,[X] Presenile dementia NOS
359101000006114,[X] Primary degenerative dementia NOS
359141000006111,[X] Senile dementia NOS
359151000006113,"[X] Senile dementia, depressed or paranoid type"
359241000006119,[X] Unspecified dementia
362941000006113,[X]Alcoholic dementia NOS
363021000006113,[X]Alzheimer's dementia unspec
363031000006111,[X]Alzheimer's disease type 1
363041000006118,[X]Alzheimer's disease type 2
363791000006112,[X]Arteriosclerotic dementia
376531000006119,[X]Dementia in Alzheimer's disease with early onset
376541000006112,[X]Dementia in Alzheimer's disease with late onset
376571000006116,[X]Dementia in human immunodef virus [HIV] disease
398571000006112,[X]Mixed cortical and subcortical vascular dementia
398571000006112,[X]Mixed cortical and subcortical vascular dementia
399031000006111,[X]Multi-infarct dementia
406841000000115,Dementia monitoring administration
407461000000119,Dementia monitoring
408361000000111,Dementia monitoring first letter
408401000000119,Dementia annual review
408421000000111,Dementia monitoring second letter
408461000000115,Dementia monitoring third letter
408481000000112,Dementia monitoring verbal invite
408501000000115,Dementia monitoring telephone invite
423221000006117,[X]Predominantly cortical dementia
423351000006115,"[X]Presenile dementia,Alzheimer's type"
423381000006111,"[X]Primary degen dementia of Alzheimer's type, senile onset"
423391000006114,"[X]Primary degen dementia, Alzheimer's type, presenile onset"
425901000006116,"[X]Senile dementia,Alzheimer's type"
428201000006119,[X]Subcortical vascular dementia
428201000006119,[X]Subcortical vascular dementia
431681000006117,[X]Vascular dementia
431681000006117,[X]Vascular dementia
431691000006119,[X]Vascular dementia of acute onset
431691000006119,[X]Vascular dementia of acute onset
542651000006110,Cerebral degeneration due to Jakob - Creutzfeldt disease
696161000006115,Multi infarct dementia
745381000006119,Lewy body disease
753321000006116,Korsakoff's non-alcoholic psychosis
882171000006115,Dementia
882181000006117,Other senile/presenile dement.
882191000006119,Senile and presenile dementias
882201000006116,Senile dementia - simple type
882211000006118,Senile dementia-acute confused
905791000006115,[RFC] Alzheimer's disease
914921000006117,[D] Vascular dementia
914921000006117,[D] Vascular dementia
914931000006119,[D] Dementia with Lewy bodies
914941000006112,[D] Dementia
914951000006114,[D] Dementia in Alzheimer's disease
915111000006112,Dementia review
915121000006116,Dementia review with third party
939491000006118,[RFC] Dementia
999961000006114,Excepted from dementia quality indicators: Patient unsuitabl
1774581000006113,Refer to dementia care advisor
1805751000006115,Variant Creutzfeldt-Jakob disease
1820331000006111,History of Creutzfeldt-Jakob disease
1823871000006112,Dementia confirmed
1834091000006117,Dementia care plan
1856601000006111,Dementia monitoring in primary care
1856611000006114,Dementia monitoring in secondary care
1856631000006115,Did not attend dementia monitoring
1897891000006114,Sporadic Creutzfeldt-Jakob disease
1916981000006111,Dementia medication review
1949611000006114,Dementia post diagnostic support (Scotland)
1949621000006118,Dementia stage at diagnosis
1949631000006115,Dementia stage at diagnosis - early (mild)
1949641000006113,Dementia stage at diagnosis - mid (moderate)
1949651000006110,Dementia stage at diagnosis - late (severe)
1949661000006112,Dementia stage at diagnosis - undetermined
1949671000006117,Dementia stage at diagnosis - not known
1949681000006119,Person centred dementia support plan (Scotland)
1949691000006116,Dementia support plan (Scot) in place at 12 months
1949701000006116,Dementia support plan (Scot) partly in place at 12 months
1949711000006118,Dementia support plan (Scot) absent at 12 months
1949721000006114,Dementia post diagnostic support (PDS) - transition arrangements
1949731000006112,Dementia PDS transition - progress to supported self management
1949751000006117,Dementia PDS transition - further PDS required
1949761000006115,Dementia PDS transition - referred for community care support
1949771000006110,Dementia post diagnostic support (PDS)(Scot)- 5 pillar model
1950411000006115,Dementia PDS(Scot)-understanding illness/managing symptms status
1950421000006111,Dementia PDS (Scot) understanding illness status - pillar met
1950431000006114,Dementia PDS (Scot) understanding illness - pillar partially met
1950451000006119,Dementia PDS understanding illness-pillar not met(service reasn)
1950461000006117,Dementia PDS understanding illness - pillar not met (pt choice)
1950481000006110,Dementia PDS understanding illness - other pillar status
1950491000006113,Dementia PDS understanding illness - pillar status not known
1950501000006117,Dementia PDS (Scot) - planning for future care status
1950511000006119,Dementia PDS (Scot) planning future care status - pillar met
1950521000006110,Dementia PDS (Scot) planning future care - pillar partially met
1950531000006113,Dementia PDS planning future care-pillar not met(service reason)
1950541000006115,Dementia PDS planning future care - pillar not met (pt choice)
1950551000006118,Dementia PDS planning future care - other pillar status
1950561000006116,Dementia PDS planning future care - pillar status not known
1950571000006111,Dementia PDS (Scot) - peer support status
1950581000006114,Dementia PDS (Scot) peer support status - pillar met
1950591000006112,Dementia PDS (Scot) peer support status - pillar partially met
1950601000006116,Dementia PDS (Scot) peer support-pillar not met (service reason)
1950611000006118,Dementia PDS (Scot) peer support - pillar not met (pt choice)
1950621000006114,Dementia PDS (Scot) peer support - other pillar status
1950631000006112,Dementia PDS (Scot) peer support - pillar status not known
1950641000006119,Dementia PDS (Scot) - supporting community connections status
1950651000006117,Dementia PDS (Scot) support community connections - pillar met
1950661000006115,Dementia PDS support community connections -pillar partially met
1950671000006110,Dementia PDS supprt comm. connectns-pillar not met(servce reasn)
1950681000006113,Dementia PDS support comm. connectns-pillar not met (pt choice)
1950691000006111,Dementia PDS support comm. connectns - other pillar status
1950701000006111,Dementia PDS support comm. connectns - pillar status not known
1950711000006114,Dementia PDS (Scot) - planning future decision-making status
1950721000006118,Dementia PDS planning future decision-making - pillar met
1950731000006115,Dementia PDS planning future decisn-making -pillar partially met
1950741000006113,Dementia PDS plan.futur decisn-mkng-pillar not met(servce reasn)
1950751000006110,Dementia PDS plan.future decisn-making-pillar not met(pt choice)
1950761000006112,Dementia PDS plan future decision-making - other pillar status
1950771000006117,Dementia PDS plan future decision-making-pillar status not known
1950781000006119,Dementia link worker details
1950791000006116,Dementia link worker - mental health CPN
1950801000006115,No longer has a dementia link worker
1950811000006117,Dementia link worker - mental health OT
1950821000006113,Dementia link worker - other mental health worker
1950841000006118,Dementia link worker - third sector (Alzheimer Scotland)
1950851000006116,Dementia link worker - other third sector worker
1950861000006119,Dementia link worker - social worker
1950871000006114,Dementia link worker - other
1971401000006111,"Dementia in Alzheimer's disease with early onset, without additional symptoms"
1971541000006114,"Dementia in Alzheimer's disease with early onset, other symptoms, predominantly delusional"
1971661000006114,"Mental & behav dis due to seds/hypntcs: resid & late-onset psychot dis, dementia"
1971701000006118,"Mental & behav dis due to use opioids: resid & late-onset psychot dis, dementia"
1971771000006112,"Dementia in Alzheimer's disease with early onset, other symptoms, predominantly hallucinatory"
1972021000006119,"Unspecified dementia, without additional symptoms"
1972041000006114,"Unspecified dementia, other symptoms, predominantly delusional"
1972061000006113,"Unspecified dementia, other symptoms, predominantly hallucinatory"
1972071000006118,"Unspecified dementia, other symptoms, predominantly depressive"
1972081000006115,"Unspecified dementia, other mixed symptoms"
1972131000006115,"Dementia in Alzheimer's disease with early onset, other symptoms, predominantly depressive"
1972141000006113,"Dementia in Alzheimer's disease with early onset, other mixed symptoms"
1972171000006117,"Dementia in Alzheimer's disease with late onset, without additional symptoms"
1972181000006119,"Dementia in Alzheimer's disease with late onset, other symptoms, predominantly delusional"
1972191000006116,"Dementia in Alzheimer's disease with late onset, other symptoms, predominantly hallucinatory"
1972201000006118,"Dementia in Alzheimer's disease with late onset, other symptoms, predominantly depressive"
1972211000006115,"Dementia in Alzheimer's disease with late onset, other mixed symptoms"
1972231000006114,"Dementia in Alzheimer's dis, atypical or mixed type, without additional symptoms"
1972251000006119,"Dementia in Alzheimer's dis, atypical or mixed type, other symptoms, predominantly delusional"
1972291000006113,"Dementia in Alzheimer's dis, atypical or mixed type, other symptoms, predominantly hallucinatory"
1972311000006112,"Dementia in Alzheimer's dis, atypical or mixed type, other symptoms, predominantly depressive"
1972341000006111,"Dementia in Alzheimer's dis, atypical or mixed type, other mixed symptoms"
1972371000006115,"Dementia in Alzheimer's disease, unspecified, without additional symptoms"
1972401000006117,"Dementia in Alzheimer's disease, unspecified, other symptoms, predominantly delusional"
1972421000006110,"Dementia in Alzheimer's disease, unspecified, other symptoms, predominantly hallucinatory"
1972431000006113,"Mental & behav dis due to cannabinoids: resid & late-onset psychot dis, dementia"
1972451000006118,"Dementia in Alzheimer's disease, unspecified, other symptoms, predominantly depressive"
1972471000006111,"Dementia in Alzheimer's disease, unspecified, other mixed symptoms"
1972481000006114,"Vascular dementia of acute onset, without additional symptoms"
1972481000006114,"Vascular dementia of acute onset, without additional symptoms"
1972501000006116,"Vascular dementia of acute onset, other symptoms, predominantly delusional"
1972501000006116,"Vascular dementia of acute onset, other symptoms, predominantly delusional"
1972521000006114,"Vascular dementia of acute onset, other symptoms, predominantly hallucinatory"
1972521000006114,"Vascular dementia of acute onset, other symptoms, predominantly hallucinatory"
1972541000006119,"Vascular dementia of acute onset, other symptoms, predominantly depressive"
1972541000006119,"Vascular dementia of acute onset, other symptoms, predominantly depressive"
1972571000006110,"Vascular dementia of acute onset, other mixed symptoms"
1972571000006110,"Vascular dementia of acute onset, other mixed symptoms"
1972601000006115,"Multi-infarct dementia, without additional symptoms"
1972621000006113,"Multi-infarct dementia, other symptoms, predominantly delusional"
1972641000006118,"Multi-infarct dementia, other symptoms, predominantly hallucinatory"
1972661000006119,"Multi-infarct dementia, other symptoms, predominantly depressive"
1972681000006112,"Multi-infarct dementia, other mixed symptoms"
1972711000006113,"Subcortical vascular dementia, without additional symptoms"
1972711000006113,"Subcortical vascular dementia, without additional symptoms"
1972731000006119,"Subcortical vascular dementia, other symptoms, predominantly delusional"
1972731000006119,"Subcortical vascular dementia, other symptoms, predominantly delusional"
1972751000006114,"Subcortical vascular dementia, other symptoms, predominantly hallucinatory"
1972751000006114,"Subcortical vascular dementia, other symptoms, predominantly hallucinatory"
1972771000006116,"Subcortical vascular dementia, other symptoms, predominantly depressive"
1972771000006116,"Subcortical vascular dementia, other symptoms, predominantly depressive"
1972791000006115,"Subcortical vascular dementia, other mixed symptoms"
1972791000006115,"Subcortical vascular dementia, other mixed symptoms"
1972821000006112,"Mixed cortical and subcortical vascular dementia, without additional symptoms"
1972821000006112,"Mixed cortical and subcortical vascular dementia, without additional symptoms"
1972831000006110,"Mixed cortical and subcortical vascular dementia, other symptoms, predominantly delusional"
1972831000006110,"Mixed cortical and subcortical vascular dementia, other symptoms, predominantly delusional"
1972871000006113,"Mixed cortical and subcortical vascular dementia, other symptoms, predominantly hallucinatory"
1972871000006113,"Mixed cortical and subcortical vascular dementia, other symptoms, predominantly hallucinatory"
1972911000006111,"Mixed cortical and subcortical vascular dementia, other symptoms, predominantly depressive"
1972911000006111,"Mixed cortical and subcortical vascular dementia, other symptoms, predominantly depressive"
1972931000006117,"Mixed cortical and subcortical vascular dementia, other mixed symptoms"
1972931000006117,"Mixed cortical and subcortical vascular dementia, other mixed symptoms"
1973171000006112,"Mental and behav dis due to vol solvents: resid & late-onset psychotic dis, dementia"
1973221000006118,"Other vascular dementia, without additional symptoms"
1973221000006118,"Other vascular dementia, without additional symptoms"
1973271000006117,"Other vascular dementia, other symptoms, predominantly delusional"
1973271000006117,"Other vascular dementia, other symptoms, predominantly delusional"
1973341000006118,"Other vascular dementia, other symptoms, predominantly hallucinatory"
1973341000006118,"Other vascular dementia, other symptoms, predominantly hallucinatory"
1973381000006112,"Other vascular dementia, other symptoms, predominantly depressive"
1973381000006112,"Other vascular dementia, other symptoms, predominantly depressive"
1973401000006112,"Other vascular dementia, other mixed symptoms"
1973401000006112,"Other vascular dementia, other mixed symptoms"
1973461000006113,"Vascular dementia, unspecified, without additional symptoms"
1973461000006113,"Vascular dementia, unspecified, without additional symptoms"
1973501000006113,"Vascular dementia, unspecified, other symptoms, predominantly delusional"
1973501000006113,"Vascular dementia, unspecified, other symptoms, predominantly delusional"
1973531000006117,"Vascular dementia, unspecified, other symptoms, predominantly hallucinatory"
1973531000006117,"Vascular dementia, unspecified, other symptoms, predominantly hallucinatory"
1973551000006112,"Vascular dementia, unspecified, other symptoms, predominantly depressive"
1973551000006112,"Vascular dementia, unspecified, other symptoms, predominantly depressive"
1973711000006116,"Mental and behav dis due to hallucinogens: resid & late-onset psychot dis, dementia"
1973941000006119,"Mental & behav dis due to use cocaine: resid & late-onset psychot dis, dementia"
1974271000006119,"Mental and behav dis mlti drg use/oth psych subs: resid/late psychot dis, dementia"
1974931000006114,"Mental & behav dis due to tobacco: resid & late-onset psychot dis, dementia"
1975591000006119,"Mental & behav dis due to use alcohol: resid & late-onset psychot dis, dementia"
1976091000006118,"Mental and behav dis due to other stimulants inc caffeine: resid/late-onset psycht dis, dementia"
1976831000006111,"Vascular dementia, unspecified, other mixed symptoms"
1976831000006111,"Vascular dementia, unspecified, other mixed symptoms"
2248021000000110,Dementia care plan
2290431000000110,Antipsychotic drug therapy for dementia
2345801000000113,Dementia advance care plan declined
2345881000000115,Dementia advance care plan agreed
2345931000000111,Review of dementia advance care plan
2366171000000112,Sporadic Creutzfeldt-Jakob disease
2366181000000114,Sporadic CJD (Creutzfeldt-Jakob disease)
2403101000000116,Dementia medication review
2439591000000113,Dementia care plan agreed
2439631000000113,Dementia care plan reviewed
2439671000000110,Dementia care plan declined
2439711000000111,Dementia care plan review declined
2445471000000112,Dementia advance care plan
2445691000000113,Dementia advance care plan review declined
2502971000006115,Dementia associated with alcoholism
2502981000006117,Alcohol-induced persisting dementia
2510951000006114,Creutzfeldt-Jakob disease
2510981000006118,CJD - Creutzfeldt-Jakob disease
2510991000006115,JCD - Jakob-Creutzfeldt disease
2511001000006119,Transmissible virus dementia
2511011000006116,Creutzfeldt Jakob disease
2620431000000115,Shared care prescribing of drugs for dementia
2620471000000118,Shared care prescribing of drugs for dementia declined
2707661000006119,Pick disease
2707671000006114,Picks disease
2714871000000112,Signposting to dementia support service
2743011000000119,Dementia advance care plan agreed
2748441000006111,SD - Senile dementia
2773801000006117,Non-alcoholic Korsakoff's psychosis
2773841000006115,Non-alcoholic Korsakoff psychosis
2931231000006118,AD - Alzheimer's disease
2931241000006111,Alzheimer disease
2931251000006113,Alzheimer dementia
2966081000006114,Nuchal dystonia-dementia syndrome
2995751000006112,NPH - Normal pressure hydrocephalus
3341641000006113,Dementia paralytica
3341701000006116,Paralytic dementia
3350441000006115,Organic dementia
3414231000006117,MID - Multi-infarct dementia
3414251000006112,VAD - Vascular dementia
3414251000006112,VAD - Vascular dementia
3414261000006114,Multi infarct dementia
3630091000006111,Wernicke-Korsakoff syndrome
3630121000006110,Korsakoff psychosis
3802621000006119,Lewy body variant of Alzheimer's disease
3802631000006116,SDLT - Senile dementia of the Lewy body type
3802641000006114,LBD - Lewy body disease
3802651000006111,Dementia of the Lewy body type
3802661000006113,DLBD - Diffuse Lewy body disease
3802671000006118,Cortical Lewy body disease
3802681000006115,CLBD - Cortical Lewy body disease
3964591000006117,Subcortical leucoencephalopathy
3964601000006113,Subcortical leukoencephalopathy
3964611000006111,Binswanger's dementia
3964651000006112,Subcortical arteriosclerotic encephalopathy
3964661000006114,Subcortical atherosclerotic dementia
4539871000006116,History of dementia
4768981000006114,Cerebral degeneration due to Creutzfeldt-Jakob disease
5931631000006119,nvCJD - New variant of Creutzfeldt-Jakob disease
5931641000006112,vCJD - variant Creutzfeldt-Jakob disease
5931651000006114,Creutzfeldt-Jakob variant disease
6897211000006117,"Primary degenerative dementia of the Alzheimer type, presenile onset"
6897221000006113,"Primary degenerative dementia of the Alzheimer type, early onset"
6897241000006118,Dementia of the Alzheimers type with early onset
6897251000006116,"Presenile dementia, Alzheimer's type"
6897271000006114,Dementia in Alzheimer's disease - type 2
6900181000006114,"Primary degenerative dementia of the Alzheimer type, senile onset"
6900191000006112,"Primary degenerative dementia of the Alzheimer type, late onset"
6900201000006110,"Dementia of the Alzheimers type, late onset"
6900221000006117,"SDAT - Senile dementia, Alzheimer's type"
6900241000006112,Dementia in Alzheimer's disease - type 1
6973421000006116,Dementia associated with AIDS
6973431000006118,Acquired immune deficiency syndrome-related dementia
6973441000006111,AIDS - Acquired immune deficiency syndrome dementia complex
6973451000006113,ADC - Acquired immune deficiency syndrome dementia complex
6973461000006110,Acquired immune deficiency syndrome dementia complex
6973471000006115,Dementia associated with acquired immunodeficiency syndrome
7043651000006119,Dementia associated with Parkinson's Disease
7043661000006117,Dementia associated with Parkinson Disease
7103601000006116,Dementia due to Creutzfeldt-Jakob disease
7263011000006112,Dementia due to Huntington disease
7263021000006116,Dementia due to Huntingtons disease
7699251000006118,Sporadic Jakob-Creutzfeldt disease
8009521000006114,Dementia due to Picks disease
8009531000006112,Dementia due to Pick disease
8009541000006119,Dementia co-occurrent and due to Pick's disease
12626321000006119,QOF (Quality and Outcomes Framework) dementia quality indicator-related care invitation